family,target,trial,score,dt,params
lgb,gender,1,0.858516,28.38,"{""n_estimators"": 2400, ""learning_rate"": 0.016584530145973827, ""num_leaves"": 95, ""max_depth"": 4, ""min_child_samples"": 40, ""feature_fraction"": 0.6, ""bagging_fraction"": 0.8, ""bagging_freq"": 5, ""reg_alpha"": 0.10583516832190602, ""reg_lambda"": 0.03855978906568233, ""min_split_gain"": 0.00564802737530295, ""path_smooth"": 1.0, ""extra_trees"": true, ""random_state"": 42, ""n_jobs"": -1, ""verbosity"": -1, ""objective"": ""binary"", ""metric"": ""auc""}"
lgb,gender,2,0.874011,43.50,"{""n_estimators"": 1200, ""learning_rate"": 0.008659574770026086, ""num_leaves"": 95, ""max_depth"": 9, ""min_child_samples"": 2, ""feature_fraction"": 0.4, ""bagging_fraction"": 0.6, ""bagging_freq"": 3, ""reg_alpha"": 0.002380961328723463, ""reg_lambda"": 0.00021319823498092217, ""min_split_gain"": 0.0019376024901689684, ""path_smooth"": 0.0, ""extra_trees"": true, ""random_state"": 42, ""n_jobs"": -1, ""verbosity"": -1, ""objective"": ""binary"", ""metric"": ""auc""}"
lgb,gender,3,0.857053,18.57,"{""n_estimators"": 800, ""learning_rate"": 0.01490689091443592, ""num_leaves"": 23, ""max_depth"": 7, ""min_child_samples"": 2, ""feature_fraction"": 0.6, ""bagging_fraction"": 0.8, ""bagging_freq"": 7, ""reg_alpha"": 0.000580268215369892, ""reg_lambda"": 0.16913500978255222, ""min_split_gain"": 0.07756527658648488, ""path_smooth"": 0.0, ""extra_trees"": true, ""random_state"": 42, ""n_jobs"": -1, ""verbosity"": -1, ""objective"": ""binary"", ""metric"": ""auc""}"
lgb,gender,4,0.871175,32.16,"{""n_estimators"": 1600, ""learning_rate"": 0.014691292511307269, ""num_leaves"": 127, ""max_depth"": 16, ""min_child_samples"": 10, ""feature_fraction"": 0.7, ""bagging_fraction"": 0.5, ""bagging_freq"": 5, ""reg_alpha"": 0.18783541003180426, ""reg_lambda"": 0.037212651993892454, ""min_split_gain"": 0.0017356726360212079, ""path_smooth"": 0.0, ""extra_trees"": true, ""random_state"": 42, ""n_jobs"": -1, ""verbosity"": -1, ""objective"": ""binary"", ""metric"": ""auc""}"
lgb,gender,5,0.868418,48.22,"{""n_estimators"": 1600, ""learning_rate"": 0.02262795244417767, ""num_leaves"": 31, ""max_depth"": 16, ""min_child_samples"": 10, ""feature_fraction"": 0.4, ""bagging_fraction"": 0.6, ""bagging_freq"": 1, ""reg_alpha"": 3.254371575469966, ""reg_lambda"": 1.3615314620914531, ""min_split_gain"": 0.0005621558759659616, ""path_smooth"": 0.0, ""extra_trees"": false, ""random_state"": 42, ""n_jobs"": -1, ""verbosity"": -1, ""objective"": ""binary"", ""metric"": ""auc""}"
lgb,gender,6,0.866152,79.11,"{""n_estimators"": 2400, ""learning_rate"": 0.017482751352794115, ""num_leaves"": 15, ""max_depth"": 16, ""min_child_samples"": 10, ""feature_fraction"": 1.0, ""bagging_fraction"": 0.8, ""bagging_freq"": 1, ""reg_alpha"": 0.0013430685900900927, ""reg_lambda"": 1.2079494953339793, ""min_split_gain"": 0.0010217293798777927, ""path_smooth"": 0.0, ""extra_trees"": false, ""random_state"": 42, ""n_jobs"": -1, ""verbosity"": -1, ""objective"": ""binary"", ""metric"": ""auc""}"
lgb,gender,7,0.834023,14.23,"{""n_estimators"": 600, ""learning_rate"": 0.014765740559177443, ""num_leaves"": 15, ""max_depth"": -1, ""min_child_samples"": 200, ""feature_fraction"": 0.5, ""bagging_fraction"": 0.7, ""bagging_freq"": 10, ""reg_alpha"": 0.27729908393893943, ""reg_lambda"": 0.003650030453462201, ""min_split_gain"": 0.0025358040700696766, ""path_smooth"": 0.0, ""extra_trees"": true, ""random_state"": 42, ""n_jobs"": -1, ""verbosity"": -1, ""objective"": ""binary"", ""metric"": ""auc""}"
lgb,gender,8,0.866862,27.42,"{""n_estimators"": 2400, ""learning_rate"": 0.04177745111760925, ""num_leaves"": 23, ""max_depth"": 7, ""min_child_samples"": 10, ""feature_fraction"": 1.0, ""bagging_fraction"": 1.0, ""bagging_freq"": 5, ""reg_alpha"": 0.00013488999556659757, ""reg_lambda"": 2.7873768036642703, ""min_split_gain"": 0.020120885222832664, ""path_smooth"": 0.0, ""extra_trees"": true, ""random_state"": 42, ""n_jobs"": -1, ""verbosity"": -1, ""objective"": ""binary"", ""metric"": ""auc""}"
lgb,gender,9,0.792714,12.93,"{""n_estimators"": 1200, ""learning_rate"": 0.006864373571220395, ""num_leaves"": 31, ""max_depth"": -1, ""min_child_samples"": 200, ""feature_fraction"": 0.7, ""bagging_fraction"": 0.6, ""bagging_freq"": 5, ""reg_alpha"": 2.6694892652764612, ""reg_lambda"": 0.020204706702065246, ""min_split_gain"": 0.0018588897664236805, ""path_smooth"": 0.0, ""extra_trees"": true, ""random_state"": 42, ""n_jobs"": -1, ""verbosity"": -1, ""objective"": ""binary"", ""metric"": ""auc""}"
lgb,gender,10,0.850928,7.29,"{""n_estimators"": 2400, ""learning_rate"": 0.06266662341055904, ""num_leaves"": 63, ""max_depth"": 5, ""min_child_samples"": 200, ""feature_fraction"": 0.4, ""bagging_fraction"": 0.6, ""bagging_freq"": 7, ""reg_alpha"": 0.0009318160832522109, ""reg_lambda"": 1.047375967243803, ""min_split_gain"": 0.009529811749473914, ""path_smooth"": 0.0, ""extra_trees"": false, ""random_state"": 42, ""n_jobs"": -1, ""verbosity"": -1, ""objective"": ""binary"", ""metric"": ""auc""}"
lgb,gender,11,0.865991,104.30,"{""n_estimators"": 5000, ""learning_rate"": 0.004026505416210773, ""num_leaves"": 23, ""max_depth"": 16, ""min_child_samples"": 2, ""feature_fraction"": 0.7, ""bagging_fraction"": 0.6, ""bagging_freq"": 3, ""reg_alpha"": 0.2241329502128964, ""reg_lambda"": 0.017862233900161197, ""min_split_gain"": 0.00275000088028548, ""path_smooth"": 0.0, ""extra_trees"": false, ""random_state"": 42, ""n_jobs"": -1, ""verbosity"": -1, ""objective"": ""binary"", ""metric"": ""auc""}"
lgb,gender,12,0.856719,18.13,"{""n_estimators"": 1200, ""learning_rate"": 0.02241784018995546, ""num_leaves"": 31, ""max_depth"": 9, ""min_child_samples"": 120, ""feature_fraction"": 0.7, ""bagging_fraction"": 1.0, ""bagging_freq"": 0, ""reg_alpha"": 0.5489465397224121, ""reg_lambda"": 8.039909798015021, ""min_split_gain"": 0.03637418705142172, ""path_smooth"": 0.1, ""extra_trees"": true, ""random_state"": 42, ""n_jobs"": -1, ""verbosity"": -1, ""objective"": ""binary"", ""metric"": ""auc""}"
lgb,gender,13,0.868342,68.41,"{""n_estimators"": 5000, ""learning_rate"": 0.009429617111758892, ""num_leaves"": 255, ""max_depth"": 5, ""min_child_samples"": 5, ""feature_fraction"": 0.7, ""bagging_fraction"": 0.6, ""bagging_freq"": 1, ""reg_alpha"": 0.0060172558883519875, ""reg_lambda"": 0.2676944192228141, ""min_split_gain"": 0.003104215010783611, ""path_smooth"": 1.0, ""extra_trees"": false, ""random_state"": 42, ""n_jobs"": -1, ""verbosity"": -1, ""objective"": ""binary"", ""metric"": ""auc""}"
lgb,gender,14,0.873071,47.18,"{""n_estimators"": 3500, ""learning_rate"": 0.017910655089737815, ""num_leaves"": 63, ""max_depth"": 6, ""min_child_samples"": 10, ""feature_fraction"": 0.7, ""bagging_fraction"": 0.7, ""bagging_freq"": 3, ""reg_alpha"": 0.010669931050014689, ""reg_lambda"": 0.20441150004340583, ""min_split_gain"": 0.0008601103735613364, ""path_smooth"": 1.0, ""extra_trees"": false, ""random_state"": 42, ""n_jobs"": -1, ""verbosity"": -1, ""objective"": ""binary"", ""metric"": ""auc""}"
lgb,gender,15,0.829692,27.57,"{""n_estimators"": 2400, ""learning_rate"": 0.0077236901462420585, ""num_leaves"": 15, ""max_depth"": 6, ""min_child_samples"": 120, ""feature_fraction"": 0.7, ""bagging_fraction"": 0.8, ""bagging_freq"": 7, ""reg_alpha"": 0.07269860076490685, ""reg_lambda"": 0.34005497708382804, ""min_split_gain"": 0.11538767748716573, ""path_smooth"": 1.0, ""extra_trees"": true, ""random_state"": 42, ""n_jobs"": -1, ""verbosity"": -1, ""objective"": ""binary"", ""metric"": ""auc""}"
lgb,gender,16,0.861795,24.55,"{""n_estimators"": 1200, ""learning_rate"": 0.016808747149774754, ""num_leaves"": 23, ""max_depth"": 6, ""min_child_samples"": 80, ""feature_fraction"": 1.0, ""bagging_fraction"": 0.7, ""bagging_freq"": 0, ""reg_alpha"": 0.21915856859076766, ""reg_lambda"": 1.0925557076510284, ""min_split_gain"": 0.0007907263786132439, ""path_smooth"": 0.1, ""extra_trees"": true, ""random_state"": 42, ""n_jobs"": -1, ""verbosity"": -1, ""objective"": ""binary"", ""metric"": ""auc""}"
lgb,gender,17,0.861019,15.36,"{""n_estimators"": 800, ""learning_rate"": 0.023513518680498034, ""num_leaves"": 47, ""max_depth"": 16, ""min_child_samples"": 120, ""feature_fraction"": 0.7, ""bagging_fraction"": 0.9, ""bagging_freq"": 3, ""reg_alpha"": 0.01929504736595702, ""reg_lambda"": 0.46405362728102817, ""min_split_gain"": 0.00011042873459186102, ""path_smooth"": 0.0, ""extra_trees"": true, ""random_state"": 42, ""n_jobs"": -1, ""verbosity"": -1, ""objective"": ""binary"", ""metric"": ""auc""}"
lgb,gender,18,0.873836,39.46,"{""n_estimators"": 600, ""learning_rate"": 0.028982424317420465, ""num_leaves"": 191, ""max_depth"": 7, ""min_child_samples"": 10, ""feature_fraction"": 1.0, ""bagging_fraction"": 0.9, ""bagging_freq"": 3, ""reg_alpha"": 0.036800936792224626, ""reg_lambda"": 4.627039494494509, ""min_split_gain"": 0.003328355124337156, ""path_smooth"": 0.0, ""extra_trees"": false, ""random_state"": 42, ""n_jobs"": -1, ""verbosity"": -1, ""objective"": ""binary"", ""metric"": ""auc""}"
lgb,gender,19,0.864147,33.38,"{""n_estimators"": 600, ""learning_rate"": 0.006359676701450763, ""num_leaves"": 63, ""max_depth"": -1, ""min_child_samples"": 40, ""feature_fraction"": 0.5, ""bagging_fraction"": 0.9, ""bagging_freq"": 1, ""reg_alpha"": 0.36519722655616726, ""reg_lambda"": 0.0052443055153943915, ""min_split_gain"": 0.00010645503834305056, ""path_smooth"": 0.0, ""extra_trees"": false, ""random_state"": 42, ""n_jobs"": -1, ""verbosity"": -1, ""objective"": ""binary"", ""metric"": ""auc""}"
lgb,gender,20,0.872696,138.45,"{""n_estimators"": 2400, ""learning_rate"": 0.0038415762342792923, ""num_leaves"": 95, ""max_depth"": 9, ""min_child_samples"": 40, ""feature_fraction"": 0.5, ""bagging_fraction"": 1.0, ""bagging_freq"": 10, ""reg_alpha"": 0.010841818336702877, ""reg_lambda"": 0.012104353670809245, ""min_split_gain"": 0.00047531160027973636, ""path_smooth"": 1.0, ""extra_trees"": false, ""random_state"": 42, ""n_jobs"": -1, ""verbosity"": -1, ""objective"": ""binary"", ""metric"": ""auc""}"
lgb,gender,21,0.875003,104.28,"{""n_estimators"": 3500, ""learning_rate"": 0.005075203353303976, ""num_leaves"": 95, ""max_depth"": 12, ""min_child_samples"": 10, ""feature_fraction"": 0.4, ""bagging_fraction"": 1.0, ""bagging_freq"": 3, ""reg_alpha"": 0.0012954894379474395, ""reg_lambda"": 0.0002337057800137141, ""min_split_gain"": 0.010358696743278712, ""path_smooth"": 0.0, ""extra_trees"": false, ""random_state"": 42, ""n_jobs"": -1, ""verbosity"": -1, ""objective"": ""binary"", ""metric"": ""auc""}"
lgb,gender,22,0.865921,80.95,"{""n_estimators"": 5000, ""learning_rate"": 0.004717023307934175, ""num_leaves"": 191, ""max_depth"": 9, ""min_child_samples"": 120, ""feature_fraction"": 0.6, ""bagging_fraction"": 0.9, ""bagging_freq"": 10, ""reg_alpha"": 0.3270001205418245, ""reg_lambda"": 0.001084206585297628, ""min_split_gain"": 0.002026985620879146, ""path_smooth"": 0.0, ""extra_trees"": false, ""random_state"": 42, ""n_jobs"": -1, ""verbosity"": -1, ""objective"": ""binary"", ""metric"": ""auc""}"
lgb,gender,23,0.869290,21.38,"{""n_estimators"": 800, ""learning_rate"": 0.01780860648872255, ""num_leaves"": 47, ""max_depth"": 9, ""min_child_samples"": 3, ""feature_fraction"": 0.9, ""bagging_fraction"": 0.9, ""bagging_freq"": 3, ""reg_alpha"": 0.5959470609614117, ""reg_lambda"": 0.01750797341160859, ""min_split_gain"": 0.004642835733709986, ""path_smooth"": 1.0, ""extra_trees"": true, ""random_state"": 42, ""n_jobs"": -1, ""verbosity"": -1, ""objective"": ""binary"", ""metric"": ""auc""}"
lgb,gender,24,0.861219,10.71,"{""n_estimators"": 400, ""learning_rate"": 0.023083390662556817, ""num_leaves"": 127, ""max_depth"": 7, ""min_child_samples"": 5, ""feature_fraction"": 0.4, ""bagging_fraction"": 0.5, ""bagging_freq"": 7, ""reg_alpha"": 0.1360710297250817, ""reg_lambda"": 0.00036713871354503733, ""min_split_gain"": 0.05800024509900429, ""path_smooth"": 1.0, ""extra_trees"": true, ""random_state"": 42, ""n_jobs"": -1, ""verbosity"": -1, ""objective"": ""binary"", ""metric"": ""auc""}"
lgb,gender,25,0.842907,48.56,"{""n_estimators"": 1200, ""learning_rate"": 0.0033092997956372244, ""num_leaves"": 95, ""max_depth"": -1, ""min_child_samples"": 5, ""feature_fraction"": 0.5, ""bagging_fraction"": 1.0, ""bagging_freq"": 0, ""reg_alpha"": 0.014996618338025288, ""reg_lambda"": 0.22890382157626435, ""min_split_gain"": 0.019841354324763947, ""path_smooth"": 0.0, ""extra_trees"": true, ""random_state"": 42, ""n_jobs"": -1, ""verbosity"": -1, ""objective"": ""binary"", ""metric"": ""auc""}"
lgb,gender,26,0.857753,17.47,"{""n_estimators"": 2400, ""learning_rate"": 0.02198270912320792, ""num_leaves"": 95, ""max_depth"": 12, ""min_child_samples"": 120, ""feature_fraction"": 0.9, ""bagging_fraction"": 1.0, ""bagging_freq"": 7, ""reg_alpha"": 0.12446933415945237, ""reg_lambda"": 0.05168960338068954, ""min_split_gain"": 0.07822284356895806, ""path_smooth"": 1.0, ""extra_trees"": true, ""random_state"": 42, ""n_jobs"": -1, ""verbosity"": -1, ""objective"": ""binary"", ""metric"": ""auc""}"
lgb,gender,27,0.850509,23.36,"{""n_estimators"": 800, ""learning_rate"": 0.005234025324748711, ""num_leaves"": 383, ""max_depth"": 5, ""min_child_samples"": 2, ""feature_fraction"": 0.5, ""bagging_fraction"": 1.0, ""bagging_freq"": 10, ""reg_alpha"": 0.034602257732356805, ""reg_lambda"": 0.5789548161203492, ""min_split_gain"": 0.0002395084367907323, ""path_smooth"": 0.0, ""extra_trees"": false, ""random_state"": 42, ""n_jobs"": -1, ""verbosity"": -1, ""objective"": ""binary"", ""metric"": ""auc""}"
lgb,gender,28,0.869515,55.57,"{""n_estimators"": 1600, ""learning_rate"": 0.011412653448653727, ""num_leaves"": 383, ""max_depth"": 7, ""min_child_samples"": 20, ""feature_fraction"": 0.9, ""bagging_fraction"": 1.0, ""bagging_freq"": 1, ""reg_alpha"": 0.07079681762139128, ""reg_lambda"": 0.0001717597785046994, ""min_split_gain"": 0.0005209513821780454, ""path_smooth"": 0.0, ""extra_trees"": false, ""random_state"": 42, ""n_jobs"": -1, ""verbosity"": -1, ""objective"": ""binary"", ""metric"": ""auc""}"
lgb,gender,29,0.874217,71.97,"{""n_estimators"": 1600, ""learning_rate"": 0.02152072566255929, ""num_leaves"": 63, ""max_depth"": -1, ""min_child_samples"": 3, ""feature_fraction"": 0.8, ""bagging_fraction"": 0.9, ""bagging_freq"": 5, ""reg_alpha"": 2.098431093479689, ""reg_lambda"": 0.21961665066442362, ""min_split_gain"": 0.0004250115070359062, ""path_smooth"": 1.0, ""extra_trees"": false, ""random_state"": 42, ""n_jobs"": -1, ""verbosity"": -1, ""objective"": ""binary"", ""metric"": ""auc""}"
lgb,gender,30,0.868267,15.40,"{""n_estimators"": 400, ""learning_rate"": 0.061340707709199555, ""num_leaves"": 23, ""max_depth"": -1, ""min_child_samples"": 2, ""feature_fraction"": 0.7, ""bagging_fraction"": 0.8, ""bagging_freq"": 10, ""reg_alpha"": 0.026265932973078252, ""reg_lambda"": 0.004287307332652745, ""min_split_gain"": 0.002038904614884209, ""path_smooth"": 0.0, ""extra_trees"": false, ""random_state"": 42, ""n_jobs"": -1, ""verbosity"": -1, ""objective"": ""binary"", ""metric"": ""auc""}"
lgb,gender,31,0.867411,22.59,"{""n_estimators"": 1600, ""learning_rate"": 0.0225170718531742, ""num_leaves"": 191, ""max_depth"": 5, ""min_child_samples"": 5, ""feature_fraction"": 1.0, ""bagging_fraction"": 0.7, ""bagging_freq"": 7, ""reg_alpha"": 0.0028953041344105825, ""reg_lambda"": 0.15496209456453974, ""min_split_gain"": 0.0042583923747961765, ""path_smooth"": 1.0, ""extra_trees"": true, ""random_state"": 42, ""n_jobs"": -1, ""verbosity"": -1, ""objective"": ""binary"", ""metric"": ""auc""}"
lgb,gender,32,0.850948,9.84,"{""n_estimators"": 800, ""learning_rate"": 0.03926033727918831, ""num_leaves"": 47, ""max_depth"": 4, ""min_child_samples"": 120, ""feature_fraction"": 0.6, ""bagging_fraction"": 0.7, ""bagging_freq"": 10, ""reg_alpha"": 0.0011968454042595041, ""reg_lambda"": 0.00014435358119456202, ""min_split_gain"": 0.0005069784229216124, ""path_smooth"": 0.0, ""extra_trees"": false, ""random_state"": 42, ""n_jobs"": -1, ""verbosity"": -1, ""objective"": ""binary"", ""metric"": ""auc""}"
lgb,gender,33,0.811984,19.79,"{""n_estimators"": 1200, ""learning_rate"": 0.003056872575077694, ""num_leaves"": 127, ""max_depth"": 6, ""min_child_samples"": 200, ""feature_fraction"": 0.4, ""bagging_fraction"": 0.9, ""bagging_freq"": 0, ""reg_alpha"": 0.0071213548088263036, ""reg_lambda"": 0.011434962743491955, ""min_split_gain"": 0.026326498793023744, ""path_smooth"": 0.0, ""extra_trees"": false, ""random_state"": 42, ""n_jobs"": -1, ""verbosity"": -1, ""objective"": ""binary"", ""metric"": ""auc""}"
lgb,gender,34,0.850467,24.83,"{""n_estimators"": 1200, ""learning_rate"": 0.00795959387691271, ""num_leaves"": 23, ""max_depth"": 7, ""min_child_samples"": 10, ""feature_fraction"": 0.7, ""bagging_fraction"": 0.7, ""bagging_freq"": 0, ""reg_alpha"": 0.23452978507277358, ""reg_lambda"": 7.174892250890613, ""min_split_gain"": 0.018811836927405946, ""path_smooth"": 0.0, ""extra_trees"": true, ""random_state"": 42, ""n_jobs"": -1, ""verbosity"": -1, ""objective"": ""binary"", ""metric"": ""auc""}"
lgb,gender,35,0.858267,25.51,"{""n_estimators"": 1200, ""learning_rate"": 0.01368021136191932, ""num_leaves"": 15, ""max_depth"": 12, ""min_child_samples"": 120, ""feature_fraction"": 0.5, ""bagging_fraction"": 0.6, ""bagging_freq"": 7, ""reg_alpha"": 0.012083603850306553, ""reg_lambda"": 0.0005525287064620397, ""min_split_gain"": 0.00022830001032866598, ""path_smooth"": 0.0, ""extra_trees"": false, ""random_state"": 42, ""n_jobs"": -1, ""verbosity"": -1, ""objective"": ""binary"", ""metric"": ""auc""}"
lgb,gender,36,0.817268,11.66,"{""n_estimators"": 800, ""learning_rate"": 0.010767797249205027, ""num_leaves"": 31, ""max_depth"": 4, ""min_child_samples"": 80, ""feature_fraction"": 0.5, ""bagging_fraction"": 0.9, ""bagging_freq"": 7, ""reg_alpha"": 0.0072091515067887945, ""reg_lambda"": 0.39149568023096404, ""min_split_gain"": 0.12108007687790791, ""path_smooth"": 0.0, ""extra_trees"": true, ""random_state"": 42, ""n_jobs"": -1, ""verbosity"": -1, ""objective"": ""binary"", ""metric"": ""auc""}"
lgb,gender,37,0.871501,20.05,"{""n_estimators"": 2400, ""learning_rate"": 0.025980833154179542, ""num_leaves"": 63, ""max_depth"": 7, ""min_child_samples"": 10, ""feature_fraction"": 0.8, ""bagging_fraction"": 0.8, ""bagging_freq"": 0, ""reg_alpha"": 0.000211709545888785, ""reg_lambda"": 0.0031976571375297727, ""min_split_gain"": 0.01674634282195736, ""path_smooth"": 0.0, ""extra_trees"": true, ""random_state"": 42, ""n_jobs"": -1, ""verbosity"": -1, ""objective"": ""binary"", ""metric"": ""auc""}"
lgb,gender,38,0.848667,6.90,"{""n_estimators"": 3500, ""learning_rate"": 0.06652706053822444, ""num_leaves"": 23, ""max_depth"": 4, ""min_child_samples"": 40, ""feature_fraction"": 0.5, ""bagging_fraction"": 0.6, ""bagging_freq"": 5, ""reg_alpha"": 0.2512327580453203, ""reg_lambda"": 1.839855053569068, ""min_split_gain"": 0.0011566888813462238, ""path_smooth"": 0.0, ""extra_trees"": true, ""random_state"": 42, ""n_jobs"": -1, ""verbosity"": -1, ""objective"": ""binary"", ""metric"": ""auc""}"
lgb,gender,39,0.872836,20.55,"{""n_estimators"": 1600, ""learning_rate"": 0.07572755938674723, ""num_leaves"": 127, ""max_depth"": 16, ""min_child_samples"": 40, ""feature_fraction"": 0.6, ""bagging_fraction"": 0.9, ""bagging_freq"": 5, ""reg_alpha"": 0.03502410220269976, ""reg_lambda"": 0.1591883228364569, ""min_split_gain"": 0.00016284822344840523, ""path_smooth"": 0.0, ""extra_trees"": false, ""random_state"": 42, ""n_jobs"": -1, ""verbosity"": -1, ""objective"": ""binary"", ""metric"": ""auc""}"
lgb,gender,40,0.871605,15.95,"{""n_estimators"": 600, ""learning_rate"": 0.05290076775472473, ""num_leaves"": 95, ""max_depth"": 16, ""min_child_samples"": 5, ""feature_fraction"": 0.7, ""bagging_fraction"": 0.6, ""bagging_freq"": 1, ""reg_alpha"": 0.033339678547854724, ""reg_lambda"": 0.0016143853691163526, ""min_split_gain"": 0.0009263109464382158, ""path_smooth"": 1.0, ""extra_trees"": true, ""random_state"": 42, ""n_jobs"": -1, ""verbosity"": -1, ""objective"": ""binary"", ""metric"": ""auc""}"
lgb,gender,41,0.863051,17.82,"{""n_estimators"": 1200, ""learning_rate"": 0.027579912613306914, ""num_leaves"": 63, ""max_depth"": 12, ""min_child_samples"": 80, ""feature_fraction"": 1.0, ""bagging_fraction"": 0.8, ""bagging_freq"": 7, ""reg_alpha"": 0.033518630352556346, ""reg_lambda"": 0.011950777031499136, ""min_split_gain"": 0.04319176217468167, ""path_smooth"": 0.0, ""extra_trees"": true, ""random_state"": 42, ""n_jobs"": -1, ""verbosity"": -1, ""objective"": ""binary"", ""metric"": ""auc""}"
lgb,gender,42,0.843151,13.82,"{""n_estimators"": 800, ""learning_rate"": 0.009840636411570165, ""num_leaves"": 15, ""max_depth"": 5, ""min_child_samples"": 20, ""feature_fraction"": 0.7, ""bagging_fraction"": 0.8, ""bagging_freq"": 1, ""reg_alpha"": 0.0005687680649532797, ""reg_lambda"": 0.0006143837242638195, ""min_split_gain"": 0.0756450297849606, ""path_smooth"": 0.0, ""extra_trees"": true, ""random_state"": 42, ""n_jobs"": -1, ""verbosity"": -1, ""objective"": ""binary"", ""metric"": ""auc""}"
lgb,gender,43,0.851965,23.15,"{""n_estimators"": 2400, ""learning_rate"": 0.03155886497085786, ""num_leaves"": 383, ""max_depth"": 4, ""min_child_samples"": 120, ""feature_fraction"": 0.5, ""bagging_fraction"": 1.0, ""bagging_freq"": 0, ""reg_alpha"": 3.050467638205804, ""reg_lambda"": 8.155503560862003, ""min_split_gain"": 0.0012000758741697606, ""path_smooth"": 0.0, ""extra_trees"": true, ""random_state"": 42, ""n_jobs"": -1, ""verbosity"": -1, ""objective"": ""binary"", ""metric"": ""auc""}"
lgb,gender,44,0.858531,16.50,"{""n_estimators"": 800, ""learning_rate"": 0.03212023703725674, ""num_leaves"": 23, ""max_depth"": 4, ""min_child_samples"": 80, ""feature_fraction"": 0.6, ""bagging_fraction"": 0.8, ""bagging_freq"": 5, ""reg_alpha"": 0.9115525492221402, ""reg_lambda"": 0.00011498997424211067, ""min_split_gain"": 0.0005660934611328489, ""path_smooth"": 1.0, ""extra_trees"": false, ""random_state"": 42, ""n_jobs"": -1, ""verbosity"": -1, ""objective"": ""binary"", ""metric"": ""auc""}"
lgb,gender,45,0.867977,14.50,"{""n_estimators"": 1600, ""learning_rate"": 0.03396054032076188, ""num_leaves"": 63, ""max_depth"": 6, ""min_child_samples"": 3, ""feature_fraction"": 0.8, ""bagging_fraction"": 0.9, ""bagging_freq"": 1, ""reg_alpha"": 0.1861467466864305, ""reg_lambda"": 0.00013408213353065154, ""min_split_gain"": 0.0001987674958287775, ""path_smooth"": 0.0, ""extra_trees"": true, ""random_state"": 42, ""n_jobs"": -1, ""verbosity"": -1, ""objective"": ""binary"", ""metric"": ""auc""}"
lgb,gender,46,0.852382,25.59,"{""n_estimators"": 5000, ""learning_rate"": 0.013976756638479101, ""num_leaves"": 23, ""max_depth"": 4, ""min_child_samples"": 200, ""feature_fraction"": 0.4, ""bagging_fraction"": 1.0, ""bagging_freq"": 7, ""reg_alpha"": 0.0009895180926424113, ""reg_lambda"": 0.13215812564221152, ""min_split_gain"": 0.0011588867227919492, ""path_smooth"": 0.0, ""extra_trees"": false, ""random_state"": 42, ""n_jobs"": -1, ""verbosity"": -1, ""objective"": ""binary"", ""metric"": ""auc""}"
lgb,gender,47,0.873532,43.28,"{""n_estimators"": 3500, ""learning_rate"": 0.024539208654189928, ""num_leaves"": 63, ""max_depth"": 12, ""min_child_samples"": 5, ""feature_fraction"": 0.4, ""bagging_fraction"": 0.6, ""bagging_freq"": 1, ""reg_alpha"": 0.0017241620104989379, ""reg_lambda"": 3.0336089623269586, ""min_split_gain"": 0.0006862989619916012, ""path_smooth"": 0.1, ""extra_trees"": false, ""random_state"": 42, ""n_jobs"": -1, ""verbosity"": -1, ""objective"": ""binary"", ""metric"": ""auc""}"
lgb,gender,48,0.863831,38.05,"{""n_estimators"": 800, ""learning_rate"": 0.010036591187387518, ""num_leaves"": 31, ""max_depth"": 16, ""min_child_samples"": 10, ""feature_fraction"": 0.5, ""bagging_fraction"": 0.5, ""bagging_freq"": 10, ""reg_alpha"": 0.10544915283103051, ""reg_lambda"": 0.011371400947023855, ""min_split_gain"": 0.00753975501386966, ""path_smooth"": 1.0, ""extra_trees"": false, ""random_state"": 42, ""n_jobs"": -1, ""verbosity"": -1, ""objective"": ""binary"", ""metric"": ""auc""}"
lgb,gender,49,0.814834,28.32,"{""n_estimators"": 1600, ""learning_rate"": 0.003033602054102116, ""num_leaves"": 15, ""max_depth"": 6, ""min_child_samples"": 3, ""feature_fraction"": 0.8, ""bagging_fraction"": 0.7, ""bagging_freq"": 5, ""reg_alpha"": 0.1142833720714276, ""reg_lambda"": 0.01518762511685526, ""min_split_gain"": 0.0016402734132460555, ""path_smooth"": 0.0, ""extra_trees"": true, ""random_state"": 42, ""n_jobs"": -1, ""verbosity"": -1, ""objective"": ""binary"", ""metric"": ""auc""}"
lgb,gender,50,0.871985,109.39,"{""n_estimators"": 3500, ""learning_rate"": 0.006545836899087387, ""num_leaves"": 47, ""max_depth"": 9, ""min_child_samples"": 2, ""feature_fraction"": 0.6, ""bagging_fraction"": 0.6, ""bagging_freq"": 1, ""reg_alpha"": 0.002424432433663956, ""reg_lambda"": 0.001517839937063099, ""min_split_gain"": 0.0768729001911229, ""path_smooth"": 1.0, ""extra_trees"": false, ""random_state"": 42, ""n_jobs"": -1, ""verbosity"": -1, ""objective"": ""binary"", ""metric"": ""auc""}"
lgb,gender,51,0.870226,34.60,"{""n_estimators"": 600, ""learning_rate"": 0.014764939351262276, ""num_leaves"": 127, ""max_depth"": 9, ""min_child_samples"": 40, ""feature_fraction"": 0.7, ""bagging_fraction"": 0.8, ""bagging_freq"": 10, ""reg_alpha"": 1.0691632336788306, ""reg_lambda"": 0.004697948712419205, ""min_split_gain"": 0.0021375502298127793, ""path_smooth"": 0.1, ""extra_trees"": false, ""random_state"": 42, ""n_jobs"": -1, ""verbosity"": -1, ""objective"": ""binary"", ""metric"": ""auc""}"
lgb,gender,52,0.866000,62.19,"{""n_estimators"": 2400, ""learning_rate"": 0.018619637810624985, ""num_leaves"": 63, ""max_depth"": 7, ""min_child_samples"": 5, ""feature_fraction"": 1.0, ""bagging_fraction"": 0.6, ""bagging_freq"": 5, ""reg_alpha"": 0.4353916612989743, ""reg_lambda"": 0.13207006901281187, ""min_split_gain"": 0.00028291483713156643, ""path_smooth"": 1.0, ""extra_trees"": false, ""random_state"": 42, ""n_jobs"": -1, ""verbosity"": -1, ""objective"": ""binary"", ""metric"": ""auc""}"
lgb,gender,53,0.844785,10.71,"{""n_estimators"": 800, ""learning_rate"": 0.028485478571981648, ""num_leaves"": 255, ""max_depth"": 9, ""min_child_samples"": 120, ""feature_fraction"": 0.5, ""bagging_fraction"": 0.5, ""bagging_freq"": 7, ""reg_alpha"": 0.00021540293697754417, ""reg_lambda"": 0.24805003960587088, ""min_split_gain"": 0.0003978042840009141, ""path_smooth"": 1.0, ""extra_trees"": true, ""random_state"": 42, ""n_jobs"": -1, ""verbosity"": -1, ""objective"": ""binary"", ""metric"": ""auc""}"
lgb,gender,54,0.861824,9.96,"{""n_estimators"": 3500, ""learning_rate"": 0.07815816828058098, ""num_leaves"": 47, ""max_depth"": 16, ""min_child_samples"": 40, ""feature_fraction"": 0.4, ""bagging_fraction"": 0.6, ""bagging_freq"": 5, ""reg_alpha"": 0.0007339634868171874, ""reg_lambda"": 0.001441255386914942, ""min_split_gain"": 0.0018911915242235363, ""path_smooth"": 1.0, ""extra_trees"": true, ""random_state"": 42, ""n_jobs"": -1, ""verbosity"": -1, ""objective"": ""binary"", ""metric"": ""auc""}"
lgb,gender,55,0.856949,10.63,"{""n_estimators"": 800, ""learning_rate"": 0.045233928703795674, ""num_leaves"": 31, ""max_depth"": 12, ""min_child_samples"": 80, ""feature_fraction"": 1.0, ""bagging_fraction"": 0.5, ""bagging_freq"": 3, ""reg_alpha"": 0.029679023460125027, ""reg_lambda"": 0.00041051881015004315, ""min_split_gain"": 0.0016655818536867224, ""path_smooth"": 0.1, ""extra_trees"": true, ""random_state"": 42, ""n_jobs"": -1, ""verbosity"": -1, ""objective"": ""binary"", ""metric"": ""auc""}"
lgb,gender,56,0.863977,10.28,"{""n_estimators"": 400, ""learning_rate"": 0.07870837091251785, ""num_leaves"": 23, ""max_depth"": 12, ""min_child_samples"": 120, ""feature_fraction"": 0.4, ""bagging_fraction"": 0.9, ""bagging_freq"": 7, ""reg_alpha"": 1.2916748272736558, ""reg_lambda"": 9.191383332758617, ""min_split_gain"": 0.00015023395177563972, ""path_smooth"": 1.0, ""extra_trees"": false, ""random_state"": 42, ""n_jobs"": -1, ""verbosity"": -1, ""objective"": ""binary"", ""metric"": ""auc""}"
lgb,gender,57,0.867082,21.43,"{""n_estimators"": 400, ""learning_rate"": 0.016142283989716, ""num_leaves"": 127, ""max_depth"": 7, ""min_child_samples"": 3, ""feature_fraction"": 0.5, ""bagging_fraction"": 0.5, ""bagging_freq"": 10, ""reg_alpha"": 0.0002695340416344124, ""reg_lambda"": 0.712871223927796, ""min_split_gain"": 0.009000544905739405, ""path_smooth"": 0.0, ""extra_trees"": false, ""random_state"": 42, ""n_jobs"": -1, ""verbosity"": -1, ""objective"": ""binary"", ""metric"": ""auc""}"
lgb,gender,58,0.837376,41.13,"{""n_estimators"": 2400, ""learning_rate"": 0.0035523940564693352, ""num_leaves"": 23, ""max_depth"": 7, ""min_child_samples"": 2, ""feature_fraction"": 0.5, ""bagging_fraction"": 0.8, ""bagging_freq"": 1, ""reg_alpha"": 0.47137860098673007, ""reg_lambda"": 0.0008422495106266875, ""min_split_gain"": 0.050759744390142844, ""path_smooth"": 0.0, ""extra_trees"": true, ""random_state"": 42, ""n_jobs"": -1, ""verbosity"": -1, ""objective"": ""binary"", ""metric"": ""auc""}"
lgb,gender,59,0.820269,30.96,"{""n_estimators"": 2400, ""learning_rate"": 0.0041277757810792085, ""num_leaves"": 383, ""max_depth"": 6, ""min_child_samples"": 5, ""feature_fraction"": 0.5, ""bagging_fraction"": 0.8, ""bagging_freq"": 3, ""reg_alpha"": 0.8580912601167694, ""reg_lambda"": 0.023686622849554008, ""min_split_gain"": 0.08639940700671059, ""path_smooth"": 0.0, ""extra_trees"": true, ""random_state"": 42, ""n_jobs"": -1, ""verbosity"": -1, ""objective"": ""binary"", ""metric"": ""auc""}"
lgb,gender,60,0.855872,9.86,"{""n_estimators"": 1200, ""learning_rate"": 0.06593927339948108, ""num_leaves"": 47, ""max_depth"": 4, ""min_child_samples"": 40, ""feature_fraction"": 0.4, ""bagging_fraction"": 0.9, ""bagging_freq"": 0, ""reg_alpha"": 1.8860416605711348, ""reg_lambda"": 0.00015862528986182654, ""min_split_gain"": 0.00020875254591895903, ""path_smooth"": 0.0, ""extra_trees"": true, ""random_state"": 42, ""n_jobs"": -1, ""verbosity"": -1, ""objective"": ""binary"", ""metric"": ""auc""}"
lgb,gender,61,0.857980,82.94,"{""n_estimators"": 5000, ""learning_rate"": 0.003975925791967523, ""num_leaves"": 15, ""max_depth"": 7, ""min_child_samples"": 10, ""feature_fraction"": 0.9, ""bagging_fraction"": 0.9, ""bagging_freq"": 10, ""reg_alpha"": 0.0008543333323580257, ""reg_lambda"": 0.03832566328503007, ""min_split_gain"": 0.01080572425809307, ""path_smooth"": 0.0, ""extra_trees"": false, ""random_state"": 42, ""n_jobs"": -1, ""verbosity"": -1, ""objective"": ""binary"", ""metric"": ""auc""}"
lgb,gender,62,0.861467,13.09,"{""n_estimators"": 3500, ""learning_rate"": 0.05399905565383905, ""num_leaves"": 191, ""max_depth"": 4, ""min_child_samples"": 5, ""feature_fraction"": 0.7, ""bagging_fraction"": 0.8, ""bagging_freq"": 5, ""reg_alpha"": 0.12721813405843746, ""reg_lambda"": 0.14918837365654528, ""min_split_gain"": 0.011538631993583275, ""path_smooth"": 1.0, ""extra_trees"": false, ""random_state"": 42, ""n_jobs"": -1, ""verbosity"": -1, ""objective"": ""binary"", ""metric"": ""auc""}"
lgb,gender,63,0.835804,6.77,"{""n_estimators"": 400, ""learning_rate"": 0.0210417278249365, ""num_leaves"": 15, ""max_depth"": 4, ""min_child_samples"": 40, ""feature_fraction"": 0.5, ""bagging_fraction"": 0.5, ""bagging_freq"": 7, ""reg_alpha"": 0.0058185438050386935, ""reg_lambda"": 0.00045238619326624555, ""min_split_gain"": 0.061811120496463826, ""path_smooth"": 0.0, ""extra_trees"": true, ""random_state"": 42, ""n_jobs"": -1, ""verbosity"": -1, ""objective"": ""binary"", ""metric"": ""auc""}"
lgb,gender,64,0.800063,16.47,"{""n_estimators"": 1600, ""learning_rate"": 0.003633243856986458, ""num_leaves"": 255, ""max_depth"": -1, ""min_child_samples"": 200, ""feature_fraction"": 0.4, ""bagging_fraction"": 0.9, ""bagging_freq"": 10, ""reg_alpha"": 0.16263874322390848, ""reg_lambda"": 0.0012241133864151798, ""min_split_gain"": 0.00011822911294518109, ""path_smooth"": 1.0, ""extra_trees"": true, ""random_state"": 42, ""n_jobs"": -1, ""verbosity"": -1, ""objective"": ""binary"", ""metric"": ""auc""}"
lgb,gender,65,0.867613,45.33,"{""n_estimators"": 800, ""learning_rate"": 0.007456181288401388, ""num_leaves"": 63, ""max_depth"": 12, ""min_child_samples"": 3, ""feature_fraction"": 0.9, ""bagging_fraction"": 0.9, ""bagging_freq"": 1, ""reg_alpha"": 0.0034900376179821686, ""reg_lambda"": 0.0034497850051824486, ""min_split_gain"": 0.0025795833690655493, ""path_smooth"": 1.0, ""extra_trees"": true, ""random_state"": 42, ""n_jobs"": -1, ""verbosity"": -1, ""objective"": ""binary"", ""metric"": ""auc""}"
lgb,gender,66,0.841767,23.44,"{""n_estimators"": 3500, ""learning_rate"": 0.009197118373449456, ""num_leaves"": 191, ""max_depth"": 7, ""min_child_samples"": 200, ""feature_fraction"": 1.0, ""bagging_fraction"": 0.5, ""bagging_freq"": 7, ""reg_alpha"": 0.521198895254575, ""reg_lambda"": 6.00939196475395, ""min_split_gain"": 0.0021888613764000507, ""path_smooth"": 0.0, ""extra_trees"": false, ""random_state"": 42, ""n_jobs"": -1, ""verbosity"": -1, ""objective"": ""binary"", ""metric"": ""auc""}"
lgb,gender,67,0.871404,19.24,"{""n_estimators"": 3500, ""learning_rate"": 0.031609818309096496, ""num_leaves"": 127, ""max_depth"": -1, ""min_child_samples"": 10, ""feature_fraction"": 1.0, ""bagging_fraction"": 0.5, ""bagging_freq"": 3, ""reg_alpha"": 0.009692627877344437, ""reg_lambda"": 0.005641846363784332, ""min_split_gain"": 0.02064990380231004, ""path_smooth"": 0.0, ""extra_trees"": true, ""random_state"": 42, ""n_jobs"": -1, ""verbosity"": -1, ""objective"": ""binary"", ""metric"": ""auc""}"
lgb,gender,68,0.865457,12.99,"{""n_estimators"": 1600, ""learning_rate"": 0.07700576700793105, ""num_leaves"": 23, ""max_depth"": 7, ""min_child_samples"": 20, ""feature_fraction"": 0.4, ""bagging_fraction"": 0.8, ""bagging_freq"": 10, ""reg_alpha"": 0.08487050923636207, ""reg_lambda"": 0.8110637513029866, ""min_split_gain"": 0.0004452796292975301, ""path_smooth"": 0.0, ""extra_trees"": true, ""random_state"": 42, ""n_jobs"": -1, ""verbosity"": -1, ""objective"": ""binary"", ""metric"": ""auc""}"
lgb,gender,69,0.869827,22.18,"{""n_estimators"": 400, ""learning_rate"": 0.05599316340401688, ""num_leaves"": 47, ""max_depth"": 7, ""min_child_samples"": 20, ""feature_fraction"": 0.8, ""bagging_fraction"": 0.6, ""bagging_freq"": 0, ""reg_alpha"": 0.0006109105228783473, ""reg_lambda"": 0.0005012179082455696, ""min_split_gain"": 0.00019287873389789087, ""path_smooth"": 0.1, ""extra_trees"": false, ""random_state"": 42, ""n_jobs"": -1, ""verbosity"": -1, ""objective"": ""binary"", ""metric"": ""auc""}"
lgb,gender,70,0.805816,24.50,"{""n_estimators"": 1600, ""learning_rate"": 0.003488986163152767, ""num_leaves"": 23, ""max_depth"": 4, ""min_child_samples"": 5, ""feature_fraction"": 0.6, ""bagging_fraction"": 0.9, ""bagging_freq"": 1, ""reg_alpha"": 0.0009108167727270512, ""reg_lambda"": 2.2244783446379564, ""min_split_gain"": 0.113681590002727, ""path_smooth"": 0.0, ""extra_trees"": false, ""random_state"": 42, ""n_jobs"": -1, ""verbosity"": -1, ""objective"": ""binary"", ""metric"": ""auc""}"
lgb,gender,71,0.867342,143.04,"{""n_estimators"": 5000, ""learning_rate"": 0.00895382454497938, ""num_leaves"": 383, ""max_depth"": 12, ""min_child_samples"": 3, ""feature_fraction"": 0.5, ""bagging_fraction"": 0.7, ""bagging_freq"": 5, ""reg_alpha"": 0.004377153195443705, ""reg_lambda"": 0.30974250998796266, ""min_split_gain"": 0.004767889539477683, ""path_smooth"": 0.1, ""extra_trees"": false, ""random_state"": 42, ""n_jobs"": -1, ""verbosity"": -1, ""objective"": ""binary"", ""metric"": ""auc""}"
lgb,gender,72,0.835922,11.32,"{""n_estimators"": 800, ""learning_rate"": 0.0165691458411322, ""num_leaves"": 191, ""max_depth"": 7, ""min_child_samples"": 200, ""feature_fraction"": 0.8, ""bagging_fraction"": 0.6, ""bagging_freq"": 1, ""reg_alpha"": 1.1627430447163345, ""reg_lambda"": 0.5855668789135654, ""min_split_gain"": 0.003113767034537735, ""path_smooth"": 1.0, ""extra_trees"": true, ""random_state"": 42, ""n_jobs"": -1, ""verbosity"": -1, ""objective"": ""binary"", ""metric"": ""auc""}"
lgb,gender,73,0.861319,15.78,"{""n_estimators"": 600, ""learning_rate"": 0.01890955199882674, ""num_leaves"": 31, ""max_depth"": 7, ""min_child_samples"": 40, ""feature_fraction"": 0.9, ""bagging_fraction"": 1.0, ""bagging_freq"": 7, ""reg_alpha"": 0.04936927442549309, ""reg_lambda"": 0.011433798572797272, ""min_split_gain"": 0.0014452594696657344, ""path_smooth"": 0.0, ""extra_trees"": true, ""random_state"": 42, ""n_jobs"": -1, ""verbosity"": -1, ""objective"": ""binary"", ""metric"": ""auc""}"
lgb,gender,74,0.849403,9.62,"{""n_estimators"": 400, ""learning_rate"": 0.016835600958613736, ""num_leaves"": 127, ""max_depth"": -1, ""min_child_samples"": 80, ""feature_fraction"": 1.0, ""bagging_fraction"": 0.7, ""bagging_freq"": 3, ""reg_alpha"": 0.007436175613785081, ""reg_lambda"": 0.04324611998785859, ""min_split_gain"": 0.01352485117428011, ""path_smooth"": 0.0, ""extra_trees"": true, ""random_state"": 42, ""n_jobs"": -1, ""verbosity"": -1, ""objective"": ""binary"", ""metric"": ""auc""}"
lgb,gender,75,0.823085,42.71,"{""n_estimators"": 5000, ""learning_rate"": 0.005255073160592931, ""num_leaves"": 255, ""max_depth"": -1, ""min_child_samples"": 80, ""feature_fraction"": 0.5, ""bagging_fraction"": 0.8, ""bagging_freq"": 10, ""reg_alpha"": 0.056324042539951075, ""reg_lambda"": 0.009745996619196602, ""min_split_gain"": 0.0003906325880628337, ""path_smooth"": 0.0, ""extra_trees"": true, ""random_state"": 42, ""n_jobs"": -1, ""verbosity"": -1, ""objective"": ""binary"", ""metric"": ""auc""}"
lgb,gender,76,0.830221,11.59,"{""n_estimators"": 600, ""learning_rate"": 0.010083958540525165, ""num_leaves"": 31, ""max_depth"": 16, ""min_child_samples"": 80, ""feature_fraction"": 0.7, ""bagging_fraction"": 0.6, ""bagging_freq"": 7, ""reg_alpha"": 3.186945518567171, ""reg_lambda"": 0.4907463406585249, ""min_split_gain"": 0.04086251112243494, ""path_smooth"": 0.0, ""extra_trees"": true, ""random_state"": 42, ""n_jobs"": -1, ""verbosity"": -1, ""objective"": ""binary"", ""metric"": ""auc""}"
lgb,gender,77,0.807382,12.25,"{""n_estimators"": 600, ""learning_rate"": 0.005226396331051283, ""num_leaves"": 127, ""max_depth"": 5, ""min_child_samples"": 40, ""feature_fraction"": 0.6, ""bagging_fraction"": 0.6, ""bagging_freq"": 5, ""reg_alpha"": 0.0001507175507597542, ""reg_lambda"": 0.040605861692631334, ""min_split_gain"": 0.007824874672671796, ""path_smooth"": 0.0, ""extra_trees"": true, ""random_state"": 42, ""n_jobs"": -1, ""verbosity"": -1, ""objective"": ""binary"", ""metric"": ""auc""}"
lgb,gender,78,0.862453,14.10,"{""n_estimators"": 5000, ""learning_rate"": 0.0753307105583738, ""num_leaves"": 95, ""max_depth"": 5, ""min_child_samples"": 120, ""feature_fraction"": 0.8, ""bagging_fraction"": 0.9, ""bagging_freq"": 0, ""reg_alpha"": 0.003962225446154232, ""reg_lambda"": 0.00967133067928649, ""min_split_gain"": 0.020404302056030686, ""path_smooth"": 0.0, ""extra_trees"": false, ""random_state"": 42, ""n_jobs"": -1, ""verbosity"": -1, ""objective"": ""binary"", ""metric"": ""auc""}"
lgb,gender,79,0.867752,15.28,"{""n_estimators"": 1200, ""learning_rate"": 0.07594407353572823, ""num_leaves"": 383, ""max_depth"": 9, ""min_child_samples"": 80, ""feature_fraction"": 0.6, ""bagging_fraction"": 0.6, ""bagging_freq"": 0, ""reg_alpha"": 1.4019915983497169, ""reg_lambda"": 0.0007800222065315045, ""min_split_gain"": 0.00011670084599867112, ""path_smooth"": 1.0, ""extra_trees"": false, ""random_state"": 42, ""n_jobs"": -1, ""verbosity"": -1, ""objective"": ""binary"", ""metric"": ""auc""}"
lgb,gender,80,0.851203,7.51,"{""n_estimators"": 400, ""learning_rate"": 0.06624834748703073, ""num_leaves"": 15, ""max_depth"": 16, ""min_child_samples"": 40, ""feature_fraction"": 0.5, ""bagging_fraction"": 0.6, ""bagging_freq"": 10, ""reg_alpha"": 0.018509902818785093, ""reg_lambda"": 0.003134435144950572, ""min_split_gain"": 0.0008444174753157784, ""path_smooth"": 0.0, ""extra_trees"": true, ""random_state"": 42, ""n_jobs"": -1, ""verbosity"": -1, ""objective"": ""binary"", ""metric"": ""auc""}"
lgb,gender,81,0.806990,10.98,"{""n_estimators"": 600, ""learning_rate"": 0.006792211760338053, ""num_leaves"": 23, ""max_depth"": 12, ""min_child_samples"": 200, ""feature_fraction"": 0.8, ""bagging_fraction"": 0.9, ""bagging_freq"": 5, ""reg_alpha"": 0.007135965899566918, ""reg_lambda"": 0.022135245422425565, ""min_split_gain"": 0.026585440548447057, ""path_smooth"": 0.1, ""extra_trees"": true, ""random_state"": 42, ""n_jobs"": -1, ""verbosity"": -1, ""objective"": ""binary"", ""metric"": ""auc""}"
lgb,gender,82,0.873042,107.04,"{""n_estimators"": 3500, ""learning_rate"": 0.00905477130854196, ""num_leaves"": 63, ""max_depth"": 12, ""min_child_samples"": 2, ""feature_fraction"": 1.0, ""bagging_fraction"": 0.8, ""bagging_freq"": 1, ""reg_alpha"": 2.613962949594499, ""reg_lambda"": 0.3703079982406346, ""min_split_gain"": 0.001223051961889716, ""path_smooth"": 0.0, ""extra_trees"": false, ""random_state"": 42, ""n_jobs"": -1, ""verbosity"": -1, ""objective"": ""binary"", ""metric"": ""auc""}"
lgb,gender,83,0.866567,25.54,"{""n_estimators"": 2400, ""learning_rate"": 0.024734923392164453, ""num_leaves"": 15, ""max_depth"": 12, ""min_child_samples"": 20, ""feature_fraction"": 0.4, ""bagging_fraction"": 0.7, ""bagging_freq"": 7, ""reg_alpha"": 0.08422606416698383, ""reg_lambda"": 0.0002585310700695142, ""min_split_gain"": 0.001085229830564575, ""path_smooth"": 0.0, ""extra_trees"": false, ""random_state"": 42, ""n_jobs"": -1, ""verbosity"": -1, ""objective"": ""binary"", ""metric"": ""auc""}"
lgb,gender,84,0.864477,32.50,"{""n_estimators"": 1600, ""learning_rate"": 0.015209915240255448, ""num_leaves"": 23, ""max_depth"": 7, ""min_child_samples"": 2, ""feature_fraction"": 0.9, ""bagging_fraction"": 1.0, ""bagging_freq"": 1, ""reg_alpha"": 0.5459042938710219, ""reg_lambda"": 3.9638052095114005, ""min_split_gain"": 0.00027062168200040073, ""path_smooth"": 0.1, ""extra_trees"": true, ""random_state"": 42, ""n_jobs"": -1, ""verbosity"": -1, ""objective"": ""binary"", ""metric"": ""auc""}"
lgb,gender,85,0.866740,10.53,"{""n_estimators"": 400, ""learning_rate"": 0.04912180537256735, ""num_leaves"": 95, ""max_depth"": 16, ""min_child_samples"": 10, ""feature_fraction"": 0.6, ""bagging_fraction"": 0.5, ""bagging_freq"": 3, ""reg_alpha"": 0.3460399100076095, ""reg_lambda"": 0.007025040698987785, ""min_split_gain"": 0.00016348221139199102, ""path_smooth"": 1.0, ""extra_trees"": true, ""random_state"": 42, ""n_jobs"": -1, ""verbosity"": -1, ""objective"": ""binary"", ""metric"": ""auc""}"
lgb,gender,86,0.837594,11.54,"{""n_estimators"": 600, ""learning_rate"": 0.009769167537392839, ""num_leaves"": 23, ""max_depth"": 16, ""min_child_samples"": 200, ""feature_fraction"": 0.9, ""bagging_fraction"": 1.0, ""bagging_freq"": 3, ""reg_alpha"": 0.0006526509087717865, ""reg_lambda"": 0.00625358110436794, ""min_split_gain"": 0.0008063989761071303, ""path_smooth"": 0.0, ""extra_trees"": true, ""random_state"": 42, ""n_jobs"": -1, ""verbosity"": -1, ""objective"": ""binary"", ""metric"": ""auc""}"
lgb,gender,87,0.822713,10.63,"{""n_estimators"": 600, ""learning_rate"": 0.005323468987487317, ""num_leaves"": 31, ""max_depth"": 7, ""min_child_samples"": 2, ""feature_fraction"": 0.4, ""bagging_fraction"": 0.6, ""bagging_freq"": 5, ""reg_alpha"": 1.975436270990761, ""reg_lambda"": 0.06638603084777489, ""min_split_gain"": 0.20497098802971067, ""path_smooth"": 0.0, ""extra_trees"": true, ""random_state"": 42, ""n_jobs"": -1, ""verbosity"": -1, ""objective"": ""binary"", ""metric"": ""auc""}"
lgb,gender,88,0.846112,18.11,"{""n_estimators"": 800, ""learning_rate"": 0.008267627285588604, ""num_leaves"": 47, ""max_depth"": 4, ""min_child_samples"": 2, ""feature_fraction"": 0.8, ""bagging_fraction"": 0.5, ""bagging_freq"": 3, ""reg_alpha"": 0.09559759888451301, ""reg_lambda"": 0.19576078430627794, ""min_split_gain"": 0.0005201150689080615, ""path_smooth"": 0.0, ""extra_trees"": false, ""random_state"": 42, ""n_jobs"": -1, ""verbosity"": -1, ""objective"": ""binary"", ""metric"": ""auc""}"
lgb,gender,89,0.858928,16.47,"{""n_estimators"": 5000, ""learning_rate"": 0.022843512672294782, ""num_leaves"": 47, ""max_depth"": 7, ""min_child_samples"": 120, ""feature_fraction"": 0.4, ""bagging_fraction"": 0.5, ""bagging_freq"": 7, ""reg_alpha"": 0.0007838268058309858, ""reg_lambda"": 0.011579392159683146, ""min_split_gain"": 0.002156697775099346, ""path_smooth"": 0.0, ""extra_trees"": false, ""random_state"": 42, ""n_jobs"": -1, ""verbosity"": -1, ""objective"": ""binary"", ""metric"": ""auc""}"
lgb,gender,90,0.790155,11.14,"{""n_estimators"": 1200, ""learning_rate"": 0.0033178347764022454, ""num_leaves"": 127, ""max_depth"": 5, ""min_child_samples"": 200, ""feature_fraction"": 0.7, ""bagging_fraction"": 0.7, ""bagging_freq"": 7, ""reg_alpha"": 0.9480128296744041, ""reg_lambda"": 0.0004365409595175596, ""min_split_gain"": 0.0003208871704179165, ""path_smooth"": 0.0, ""extra_trees"": true, ""random_state"": 42, ""n_jobs"": -1, ""verbosity"": -1, ""objective"": ""binary"", ""metric"": ""auc""}"
lgb,gender,91,0.837124,6.25,"{""n_estimators"": 1200, ""learning_rate"": 0.05289912233820109, ""num_leaves"": 15, ""max_depth"": 7, ""min_child_samples"": 200, ""feature_fraction"": 1.0, ""bagging_fraction"": 0.5, ""bagging_freq"": 10, ""reg_alpha"": 2.3419954495368325, ""reg_lambda"": 0.003609896706951747, ""min_split_gain"": 0.06907418427023802, ""path_smooth"": 0.0, ""extra_trees"": true, ""random_state"": 42, ""n_jobs"": -1, ""verbosity"": -1, ""objective"": ""binary"", ""metric"": ""auc""}"
lgb,gender,92,0.853685,16.53,"{""n_estimators"": 3500, ""learning_rate"": 0.021155667623394558, ""num_leaves"": 23, ""max_depth"": 7, ""min_child_samples"": 80, ""feature_fraction"": 0.9, ""bagging_fraction"": 0.6, ""bagging_freq"": 1, ""reg_alpha"": 0.3784407330265414, ""reg_lambda"": 0.0078976077472698, ""min_split_gain"": 0.12135590638068036, ""path_smooth"": 1.0, ""extra_trees"": true, ""random_state"": 42, ""n_jobs"": -1, ""verbosity"": -1, ""objective"": ""binary"", ""metric"": ""auc""}"
lgb,gender,93,0.852450,21.70,"{""n_estimators"": 800, ""learning_rate"": 0.01409555686019334, ""num_leaves"": 15, ""max_depth"": -1, ""min_child_samples"": 10, ""feature_fraction"": 0.6, ""bagging_fraction"": 1.0, ""bagging_freq"": 7, ""reg_alpha"": 3.671918242840714, ""reg_lambda"": 6.26749376719066, ""min_split_gain"": 0.0004197044298881568, ""path_smooth"": 0.0, ""extra_trees"": false, ""random_state"": 42, ""n_jobs"": -1, ""verbosity"": -1, ""objective"": ""binary"", ""metric"": ""auc""}"
lgb,gender,94,0.857706,21.94,"{""n_estimators"": 800, ""learning_rate"": 0.02053405160467672, ""num_leaves"": 15, ""max_depth"": 16, ""min_child_samples"": 200, ""feature_fraction"": 0.7, ""bagging_fraction"": 1.0, ""bagging_freq"": 3, ""reg_alpha"": 0.02412617249291512, ""reg_lambda"": 0.10852659318678014, ""min_split_gain"": 0.027438580113795095, ""path_smooth"": 0.0, ""extra_trees"": false, ""random_state"": 42, ""n_jobs"": -1, ""verbosity"": -1, ""objective"": ""binary"", ""metric"": ""auc""}"
lgb,gender,95,0.827727,39.14,"{""n_estimators"": 2400, ""learning_rate"": 0.0036857533709545322, ""num_leaves"": 15, ""max_depth"": 4, ""min_child_samples"": 120, ""feature_fraction"": 0.5, ""bagging_fraction"": 1.0, ""bagging_freq"": 7, ""reg_alpha"": 0.018094538626419923, ""reg_lambda"": 8.796811338839115, ""min_split_gain"": 0.00014924477896285256, ""path_smooth"": 0.1, ""extra_trees"": false, ""random_state"": 42, ""n_jobs"": -1, ""verbosity"": -1, ""objective"": ""binary"", ""metric"": ""auc""}"
lgb,gender,96,0.866351,18.20,"{""n_estimators"": 3500, ""learning_rate"": 0.07002382454665496, ""num_leaves"": 255, ""max_depth"": 7, ""min_child_samples"": 120, ""feature_fraction"": 0.8, ""bagging_fraction"": 0.6, ""bagging_freq"": 0, ""reg_alpha"": 0.07929604733564079, ""reg_lambda"": 5.343261199071645, ""min_split_gain"": 0.0008349898652248511, ""path_smooth"": 1.0, ""extra_trees"": false, ""random_state"": 42, ""n_jobs"": -1, ""verbosity"": -1, ""objective"": ""binary"", ""metric"": ""auc""}"
lgb,gender,97,0.872825,25.35,"{""n_estimators"": 600, ""learning_rate"": 0.016335657374117886, ""num_leaves"": 95, ""max_depth"": 9, ""min_child_samples"": 20, ""feature_fraction"": 0.6, ""bagging_fraction"": 0.8, ""bagging_freq"": 0, ""reg_alpha"": 0.007145397914769896, ""reg_lambda"": 0.00029317810942135723, ""min_split_gain"": 0.00011665125928873261, ""path_smooth"": 0.0, ""extra_trees"": true, ""random_state"": 42, ""n_jobs"": -1, ""verbosity"": -1, ""objective"": ""binary"", ""metric"": ""auc""}"
lgb,gender,98,0.807855,13.51,"{""n_estimators"": 800, ""learning_rate"": 0.0032227901913812643, ""num_leaves"": 63, ""max_depth"": 6, ""min_child_samples"": 80, ""feature_fraction"": 0.4, ""bagging_fraction"": 0.8, ""bagging_freq"": 0, ""reg_alpha"": 0.0021481184988685013, ""reg_lambda"": 0.0003105030834753591, ""min_split_gain"": 0.0001595261804111681, ""path_smooth"": 0.0, ""extra_trees"": false, ""random_state"": 42, ""n_jobs"": -1, ""verbosity"": -1, ""objective"": ""binary"", ""metric"": ""auc""}"
lgb,gender,99,0.869611,12.01,"{""n_estimators"": 2400, ""learning_rate"": 0.06292765693023922, ""num_leaves"": 255, ""max_depth"": 7, ""min_child_samples"": 20, ""feature_fraction"": 0.4, ""bagging_fraction"": 0.8, ""bagging_freq"": 10, ""reg_alpha"": 0.01927810803269358, ""reg_lambda"": 0.0029787021591910897, ""min_split_gain"": 0.00013440770770425123, ""path_smooth"": 0.0, ""extra_trees"": true, ""random_state"": 42, ""n_jobs"": -1, ""verbosity"": -1, ""objective"": ""binary"", ""metric"": ""auc""}"
lgb,gender,100,0.868264,17.70,"{""n_estimators"": 400, ""learning_rate"": 0.0337164495281458, ""num_leaves"": 31, ""max_depth"": 16, ""min_child_samples"": 2, ""feature_fraction"": 0.6, ""bagging_fraction"": 0.5, ""bagging_freq"": 0, ""reg_alpha"": 0.3920081855773711, ""reg_lambda"": 1.0465712347833889, ""min_split_gain"": 0.0008463338330191858, ""path_smooth"": 0.0, ""extra_trees"": false, ""random_state"": 42, ""n_jobs"": -1, ""verbosity"": -1, ""objective"": ""binary"", ""metric"": ""auc""}"
lgb,gender,101,0.843751,21.11,"{""n_estimators"": 5000, ""learning_rate"": 0.01000503254367501, ""num_leaves"": 255, ""max_depth"": 12, ""min_child_samples"": 120, ""feature_fraction"": 0.9, ""bagging_fraction"": 0.5, ""bagging_freq"": 3, ""reg_alpha"": 0.006379306493448224, ""reg_lambda"": 0.0003326785074721776, ""min_split_gain"": 0.23356658442733128, ""path_smooth"": 1.0, ""extra_trees"": true, ""random_state"": 42, ""n_jobs"": -1, ""verbosity"": -1, ""objective"": ""binary"", ""metric"": ""auc""}"
lgb,gender,102,0.864986,26.48,"{""n_estimators"": 1600, ""learning_rate"": 0.017538182810271283, ""num_leaves"": 255, ""max_depth"": 16, ""min_child_samples"": 80, ""feature_fraction"": 0.9, ""bagging_fraction"": 0.7, ""bagging_freq"": 1, ""reg_alpha"": 0.005165347049992773, ""reg_lambda"": 0.00045822099999983436, ""min_split_gain"": 0.032955307485011166, ""path_smooth"": 1.0, ""extra_trees"": true, ""random_state"": 42, ""n_jobs"": -1, ""verbosity"": -1, ""objective"": ""binary"", ""metric"": ""auc""}"
lgb,gender,103,0.861506,26.06,"{""n_estimators"": 1600, ""learning_rate"": 0.022038115281543955, ""num_leaves"": 127, ""max_depth"": 4, ""min_child_samples"": 20, ""feature_fraction"": 0.6, ""bagging_fraction"": 1.0, ""bagging_freq"": 1, ""reg_alpha"": 0.1441595861101307, ""reg_lambda"": 0.06398010180959576, ""min_split_gain"": 0.011378278417568596, ""path_smooth"": 0.0, ""extra_trees"": false, ""random_state"": 42, ""n_jobs"": -1, ""verbosity"": -1, ""objective"": ""binary"", ""metric"": ""auc""}"
lgb,gender,104,0.874822,25.33,"{""n_estimators"": 600, ""learning_rate"": 0.023440451860123678, ""num_leaves"": 127, ""max_depth"": 9, ""min_child_samples"": 3, ""feature_fraction"": 0.5, ""bagging_fraction"": 0.7, ""bagging_freq"": 3, ""reg_alpha"": 0.0025035164978654324, ""reg_lambda"": 0.0009478112701664334, ""min_split_gain"": 0.0006737862517369749, ""path_smooth"": 0.0, ""extra_trees"": true, ""random_state"": 42, ""n_jobs"": -1, ""verbosity"": -1, ""objective"": ""binary"", ""metric"": ""auc""}"
lgb,gender,105,0.868250,45.38,"{""n_estimators"": 800, ""learning_rate"": 0.00743291084042324, ""num_leaves"": 95, ""max_depth"": 7, ""min_child_samples"": 5, ""feature_fraction"": 0.7, ""bagging_fraction"": 0.6, ""bagging_freq"": 10, ""reg_alpha"": 1.1407695917368226, ""reg_lambda"": 0.12204491310458, ""min_split_gain"": 0.0002706850075688636, ""path_smooth"": 0.0, ""extra_trees"": false, ""random_state"": 42, ""n_jobs"": -1, ""verbosity"": -1, ""objective"": ""binary"", ""metric"": ""auc""}"
lgb,gender,106,0.844590,42.73,"{""n_estimators"": 1600, ""learning_rate"": 0.003260090609278753, ""num_leaves"": 383, ""max_depth"": 12, ""min_child_samples"": 3, ""feature_fraction"": 1.0, ""bagging_fraction"": 1.0, ""bagging_freq"": 3, ""reg_alpha"": 0.023992939335424637, ""reg_lambda"": 0.00256818197918532, ""min_split_gain"": 0.04544067083268842, ""path_smooth"": 0.0, ""extra_trees"": true, ""random_state"": 42, ""n_jobs"": -1, ""verbosity"": -1, ""objective"": ""binary"", ""metric"": ""auc""}"
lgb,gender,107,0.866169,68.65,"{""n_estimators"": 5000, ""learning_rate"": 0.009249598919847649, ""num_leaves"": 47, ""max_depth"": 16, ""min_child_samples"": 120, ""feature_fraction"": 1.0, ""bagging_fraction"": 1.0, ""bagging_freq"": 10, ""reg_alpha"": 0.0016280111119690195, ""reg_lambda"": 3.023165392243975, ""min_split_gain"": 0.14097483488146811, ""path_smooth"": 0.1, ""extra_trees"": false, ""random_state"": 42, ""n_jobs"": -1, ""verbosity"": -1, ""objective"": ""binary"", ""metric"": ""auc""}"
lgb,gender,108,0.853933,12.42,"{""n_estimators"": 3500, ""learning_rate"": 0.04898806945932993, ""num_leaves"": 63, ""max_depth"": 5, ""min_child_samples"": 120, ""feature_fraction"": 0.7, ""bagging_fraction"": 0.6, ""bagging_freq"": 7, ""reg_alpha"": 0.08257745660791257, ""reg_lambda"": 0.015033767632929849, ""min_split_gain"": 0.0002615209503945611, ""path_smooth"": 0.0, ""extra_trees"": true, ""random_state"": 42, ""n_jobs"": -1, ""verbosity"": -1, ""objective"": ""binary"", ""metric"": ""auc""}"
lgb,gender,109,0.863942,12.89,"{""n_estimators"": 2400, ""learning_rate"": 0.06032349639217326, ""num_leaves"": 191, ""max_depth"": 6, ""min_child_samples"": 5, ""feature_fraction"": 0.8, ""bagging_fraction"": 0.5, ""bagging_freq"": 1, ""reg_alpha"": 0.00013066901552974007, ""reg_lambda"": 0.0003784735822217685, ""min_split_gain"": 0.06844774702155566, ""path_smooth"": 0.0, ""extra_trees"": false, ""random_state"": 42, ""n_jobs"": -1, ""verbosity"": -1, ""objective"": ""binary"", ""metric"": ""auc""}"
lgb,gender,110,0.804748,23.35,"{""n_estimators"": 2400, ""learning_rate"": 0.0043535485265247835, ""num_leaves"": 15, ""max_depth"": 16, ""min_child_samples"": 200, ""feature_fraction"": 0.4, ""bagging_fraction"": 0.6, ""bagging_freq"": 0, ""reg_alpha"": 0.010409260380314178, ""reg_lambda"": 0.045761418209855964, ""min_split_gain"": 0.004393783365926103, ""path_smooth"": 1.0, ""extra_trees"": true, ""random_state"": 42, ""n_jobs"": -1, ""verbosity"": -1, ""objective"": ""binary"", ""metric"": ""auc""}"
lgb,gender,111,0.870810,19.88,"{""n_estimators"": 1600, ""learning_rate"": 0.04019463463276362, ""num_leaves"": 95, ""max_depth"": 7, ""min_child_samples"": 10, ""feature_fraction"": 0.6, ""bagging_fraction"": 0.5, ""bagging_freq"": 7, ""reg_alpha"": 0.0005831871965782532, ""reg_lambda"": 0.1869085576583243, ""min_split_gain"": 0.019014045949391694, ""path_smooth"": 0.0, ""extra_trees"": false, ""random_state"": 42, ""n_jobs"": -1, ""verbosity"": -1, ""objective"": ""binary"", ""metric"": ""auc""}"
lgb,gender,112,0.872971,112.02,"{""n_estimators"": 5000, ""learning_rate"": 0.0047780909161020575, ""num_leaves"": 63, ""max_depth"": 7, ""min_child_samples"": 3, ""feature_fraction"": 0.9, ""bagging_fraction"": 0.8, ""bagging_freq"": 7, ""reg_alpha"": 0.002905475780290559, ""reg_lambda"": 0.12428590360558454, ""min_split_gain"": 0.06333561509696276, ""path_smooth"": 0.0, ""extra_trees"": false, ""random_state"": 42, ""n_jobs"": -1, ""verbosity"": -1, ""objective"": ""binary"", ""metric"": ""auc""}"
lgb,gender,113,0.856182,12.95,"{""n_estimators"": 600, ""learning_rate"": 0.017295438587967813, ""num_leaves"": 127, ""max_depth"": 5, ""min_child_samples"": 20, ""feature_fraction"": 1.0, ""bagging_fraction"": 0.9, ""bagging_freq"": 0, ""reg_alpha"": 0.00011837788325478834, ""reg_lambda"": 0.016987022994275756, ""min_split_gain"": 0.11054488051654963, ""path_smooth"": 0.1, ""extra_trees"": true, ""random_state"": 42, ""n_jobs"": -1, ""verbosity"": -1, ""objective"": ""binary"", ""metric"": ""auc""}"
lgb,gender,114,0.866512,14.19,"{""n_estimators"": 3500, ""learning_rate"": 0.06621047567224224, ""num_leaves"": 31, ""max_depth"": 5, ""min_child_samples"": 5, ""feature_fraction"": 0.6, ""bagging_fraction"": 0.8, ""bagging_freq"": 0, ""reg_alpha"": 0.012029209694606583, ""reg_lambda"": 0.00011017346336197542, ""min_split_gain"": 0.0001911821272040092, ""path_smooth"": 0.0, ""extra_trees"": false, ""random_state"": 42, ""n_jobs"": -1, ""verbosity"": -1, ""objective"": ""binary"", ""metric"": ""auc""}"
lgb,gender,115,0.870989,57.24,"{""n_estimators"": 1600, ""learning_rate"": 0.034799377285207794, ""num_leaves"": 95, ""max_depth"": 12, ""min_child_samples"": 2, ""feature_fraction"": 1.0, ""bagging_fraction"": 0.6, ""bagging_freq"": 5, ""reg_alpha"": 0.0591351222764558, ""reg_lambda"": 0.00020364487341118816, ""min_split_gain"": 0.06403523710369353, ""path_smooth"": 0.1, ""extra_trees"": false, ""random_state"": 42, ""n_jobs"": -1, ""verbosity"": -1, ""objective"": ""binary"", ""metric"": ""auc""}"
lgb,gender,116,0.842742,127.96,"{""n_estimators"": 3500, ""learning_rate"": 0.0032650666985332816, ""num_leaves"": 47, ""max_depth"": -1, ""min_child_samples"": 20, ""feature_fraction"": 0.7, ""bagging_fraction"": 1.0, ""bagging_freq"": 0, ""reg_alpha"": 0.00808837327208263, ""reg_lambda"": 0.04412887174423693, ""min_split_gain"": 0.17732976986319945, ""path_smooth"": 0.0, ""extra_trees"": false, ""random_state"": 42, ""n_jobs"": -1, ""verbosity"": -1, ""objective"": ""binary"", ""metric"": ""auc""}"
lgb,gender,117,0.866586,53.37,"{""n_estimators"": 2400, ""learning_rate"": 0.0073385297628522726, ""num_leaves"": 383, ""max_depth"": 6, ""min_child_samples"": 40, ""feature_fraction"": 0.6, ""bagging_fraction"": 0.9, ""bagging_freq"": 0, ""reg_alpha"": 0.13737084750653694, ""reg_lambda"": 0.2507003737485991, ""min_split_gain"": 0.17823797230199429, ""path_smooth"": 0.0, ""extra_trees"": false, ""random_state"": 42, ""n_jobs"": -1, ""verbosity"": -1, ""objective"": ""binary"", ""metric"": ""auc""}"
lgb,gender,118,0.851244,12.26,"{""n_estimators"": 800, ""learning_rate"": 0.02636707067020426, ""num_leaves"": 23, ""max_depth"": 4, ""min_child_samples"": 10, ""feature_fraction"": 0.5, ""bagging_fraction"": 0.6, ""bagging_freq"": 5, ""reg_alpha"": 0.0013525427301455863, ""reg_lambda"": 0.2619980197237076, ""min_split_gain"": 0.08223837182832738, ""path_smooth"": 0.0, ""extra_trees"": true, ""random_state"": 42, ""n_jobs"": -1, ""verbosity"": -1, ""objective"": ""binary"", ""metric"": ""auc""}"
lgb,gender,119,0.869705,51.66,"{""n_estimators"": 1200, ""learning_rate"": 0.02335765556150979, ""num_leaves"": 95, ""max_depth"": 7, ""min_child_samples"": 40, ""feature_fraction"": 0.9, ""bagging_fraction"": 1.0, ""bagging_freq"": 1, ""reg_alpha"": 0.416117831733045, ""reg_lambda"": 0.0021651412928004425, ""min_split_gain"": 0.0034732894919111165, ""path_smooth"": 0.1, ""extra_trees"": false, ""random_state"": 42, ""n_jobs"": -1, ""verbosity"": -1, ""objective"": ""binary"", ""metric"": ""auc""}"
lgb,gender,120,0.853054,18.66,"{""n_estimators"": 800, ""learning_rate"": 0.011878759692933621, ""num_leaves"": 383, ""max_depth"": 12, ""min_child_samples"": 80, ""feature_fraction"": 0.8, ""bagging_fraction"": 0.5, ""bagging_freq"": 0, ""reg_alpha"": 0.8267720521879359, ""reg_lambda"": 2.5902157080217707, ""min_split_gain"": 0.00019520407493836282, ""path_smooth"": 0.0, ""extra_trees"": true, ""random_state"": 42, ""n_jobs"": -1, ""verbosity"": -1, ""objective"": ""binary"", ""metric"": ""auc""}"
lgb,gender,121,0.859775,13.40,"{""n_estimators"": 5000, ""learning_rate"": 0.035434492031647266, ""num_leaves"": 31, ""max_depth"": 12, ""min_child_samples"": 20, ""feature_fraction"": 0.7, ""bagging_fraction"": 0.7, ""bagging_freq"": 10, ""reg_alpha"": 0.2587716510643389, ""reg_lambda"": 3.521099090187353, ""min_split_gain"": 0.005530419463966632, ""path_smooth"": 0.1, ""extra_trees"": true, ""random_state"": 42, ""n_jobs"": -1, ""verbosity"": -1, ""objective"": ""binary"", ""metric"": ""auc""}"
lgb,gender,122,0.858825,49.94,"{""n_estimators"": 2400, ""learning_rate"": 0.005794600706915073, ""num_leaves"": 63, ""max_depth"": 9, ""min_child_samples"": 120, ""feature_fraction"": 0.8, ""bagging_fraction"": 0.9, ""bagging_freq"": 1, ""reg_alpha"": 0.0012953636043824383, ""reg_lambda"": 0.9775802487519859, ""min_split_gain"": 0.00028963639010726763, ""path_smooth"": 0.1, ""extra_trees"": true, ""random_state"": 42, ""n_jobs"": -1, ""verbosity"": -1, ""objective"": ""binary"", ""metric"": ""auc""}"
lgb,gender,123,0.847304,34.77,"{""n_estimators"": 3500, ""learning_rate"": 0.00647780174940837, ""num_leaves"": 23, ""max_depth"": 12, ""min_child_samples"": 120, ""feature_fraction"": 0.6, ""bagging_fraction"": 0.5, ""bagging_freq"": 7, ""reg_alpha"": 0.0015007037328104386, ""reg_lambda"": 0.003242474839221345, ""min_split_gain"": 0.007628649012317268, ""path_smooth"": 0.1, ""extra_trees"": true, ""random_state"": 42, ""n_jobs"": -1, ""verbosity"": -1, ""objective"": ""binary"", ""metric"": ""auc""}"
lgb,gender,124,0.830987,49.08,"{""n_estimators"": 5000, ""learning_rate"": 0.00412320920074028, ""num_leaves"": 191, ""max_depth"": 16, ""min_child_samples"": 80, ""feature_fraction"": 0.6, ""bagging_fraction"": 0.6, ""bagging_freq"": 7, ""reg_alpha"": 0.16487453891629167, ""reg_lambda"": 0.6800106398157219, ""min_split_gain"": 0.04984947391381197, ""path_smooth"": 0.1, ""extra_trees"": true, ""random_state"": 42, ""n_jobs"": -1, ""verbosity"": -1, ""objective"": ""binary"", ""metric"": ""auc""}"
lgb,gender,125,0.851681,9.40,"{""n_estimators"": 600, ""learning_rate"": 0.05702364133416324, ""num_leaves"": 255, ""max_depth"": 7, ""min_child_samples"": 120, ""feature_fraction"": 0.6, ""bagging_fraction"": 0.6, ""bagging_freq"": 10, ""reg_alpha"": 0.019855371360121374, ""reg_lambda"": 0.5885612214602074, ""min_split_gain"": 0.03106416547095573, ""path_smooth"": 0.0, ""extra_trees"": true, ""random_state"": 42, ""n_jobs"": -1, ""verbosity"": -1, ""objective"": ""binary"", ""metric"": ""auc""}"
lgb,gender,126,0.872504,21.12,"{""n_estimators"": 800, ""learning_rate"": 0.03491997627742668, ""num_leaves"": 383, ""max_depth"": 9, ""min_child_samples"": 5, ""feature_fraction"": 0.6, ""bagging_fraction"": 0.7, ""bagging_freq"": 3, ""reg_alpha"": 0.002892418446212152, ""reg_lambda"": 0.001173521445948348, ""min_split_gain"": 0.17986187928583913, ""path_smooth"": 0.0, ""extra_trees"": false, ""random_state"": 42, ""n_jobs"": -1, ""verbosity"": -1, ""objective"": ""binary"", ""metric"": ""auc""}"
lgb,gender,127,0.844054,21.54,"{""n_estimators"": 600, ""learning_rate"": 0.006002426263673492, ""num_leaves"": 23, ""max_depth"": 12, ""min_child_samples"": 80, ""feature_fraction"": 0.8, ""bagging_fraction"": 0.9, ""bagging_freq"": 1, ""reg_alpha"": 0.00013923864149241645, ""reg_lambda"": 1.549148210481666, ""min_split_gain"": 0.03326462006871098, ""path_smooth"": 0.0, ""extra_trees"": false, ""random_state"": 42, ""n_jobs"": -1, ""verbosity"": -1, ""objective"": ""binary"", ""metric"": ""auc""}"
lgb,gender,128,0.863250,19.62,"{""n_estimators"": 3500, ""learning_rate"": 0.04263493182934007, ""num_leaves"": 15, ""max_depth"": 6, ""min_child_samples"": 3, ""feature_fraction"": 1.0, ""bagging_fraction"": 0.8, ""bagging_freq"": 5, ""reg_alpha"": 1.2925929848276123, ""reg_lambda"": 2.804829006827066, ""min_split_gain"": 0.07991050580577351, ""path_smooth"": 0.0, ""extra_trees"": false, ""random_state"": 42, ""n_jobs"": -1, ""verbosity"": -1, ""objective"": ""binary"", ""metric"": ""auc""}"
lgb,gender,129,0.871417,24.88,"{""n_estimators"": 1200, ""learning_rate"": 0.03446239776634027, ""num_leaves"": 191, ""max_depth"": 16, ""min_child_samples"": 20, ""feature_fraction"": 0.7, ""bagging_fraction"": 1.0, ""bagging_freq"": 0, ""reg_alpha"": 0.003878684744531614, ""reg_lambda"": 0.24544365485226075, ""min_split_gain"": 0.00018245096738046232, ""path_smooth"": 0.1, ""extra_trees"": true, ""random_state"": 42, ""n_jobs"": -1, ""verbosity"": -1, ""objective"": ""binary"", ""metric"": ""auc""}"
lgb,gender,130,0.856026,22.63,"{""n_estimators"": 3500, ""learning_rate"": 0.022285519663381836, ""num_leaves"": 15, ""max_depth"": 12, ""min_child_samples"": 80, ""feature_fraction"": 0.5, ""bagging_fraction"": 0.6, ""bagging_freq"": 0, ""reg_alpha"": 0.012869291853759785, ""reg_lambda"": 0.045176294605419005, ""min_split_gain"": 0.20200225138878913, ""path_smooth"": 0.0, ""extra_trees"": true, ""random_state"": 42, ""n_jobs"": -1, ""verbosity"": -1, ""objective"": ""binary"", ""metric"": ""auc""}"
lgb,gender,131,0.870545,26.50,"{""n_estimators"": 1200, ""learning_rate"": 0.030559696584584142, ""num_leaves"": 191, ""max_depth"": 16, ""min_child_samples"": 120, ""feature_fraction"": 0.5, ""bagging_fraction"": 0.9, ""bagging_freq"": 10, ""reg_alpha"": 0.0013519944174206534, ""reg_lambda"": 0.0007816378002870088, ""min_split_gain"": 0.11583200469966982, ""path_smooth"": 0.0, ""extra_trees"": false, ""random_state"": 42, ""n_jobs"": -1, ""verbosity"": -1, ""objective"": ""binary"", ""metric"": ""auc""}"
lgb,gender,132,0.854412,19.40,"{""n_estimators"": 1600, ""learning_rate"": 0.02073972756498411, ""num_leaves"": 95, ""max_depth"": 16, ""min_child_samples"": 120, ""feature_fraction"": 0.7, ""bagging_fraction"": 0.9, ""bagging_freq"": 3, ""reg_alpha"": 1.6565661666266929, ""reg_lambda"": 1.2423748390876306, ""min_split_gain"": 0.00034117548182531097, ""path_smooth"": 0.0, ""extra_trees"": true, ""random_state"": 42, ""n_jobs"": -1, ""verbosity"": -1, ""objective"": ""binary"", ""metric"": ""auc""}"
lgb,gender,133,0.858109,11.20,"{""n_estimators"": 5000, ""learning_rate"": 0.04003925276299121, ""num_leaves"": 23, ""max_depth"": 5, ""min_child_samples"": 2, ""feature_fraction"": 0.8, ""bagging_fraction"": 0.6, ""bagging_freq"": 10, ""reg_alpha"": 0.00012359572103147828, ""reg_lambda"": 3.4378602033913617, ""min_split_gain"": 0.10352476357503232, ""path_smooth"": 0.0, ""extra_trees"": true, ""random_state"": 42, ""n_jobs"": -1, ""verbosity"": -1, ""objective"": ""binary"", ""metric"": ""auc""}"
lgb,gender,134,0.826892,6.94,"{""n_estimators"": 400, ""learning_rate"": 0.009499221957599693, ""num_leaves"": 255, ""max_depth"": 6, ""min_child_samples"": 80, ""feature_fraction"": 1.0, ""bagging_fraction"": 0.5, ""bagging_freq"": 3, ""reg_alpha"": 0.00300894708666747, ""reg_lambda"": 2.779798824182966, ""min_split_gain"": 0.2517661260418029, ""path_smooth"": 0.0, ""extra_trees"": true, ""random_state"": 42, ""n_jobs"": -1, ""verbosity"": -1, ""objective"": ""binary"", ""metric"": ""auc""}"
lgb,gender,135,0.862840,9.24,"{""n_estimators"": 400, ""learning_rate"": 0.04106903880246834, ""num_leaves"": 127, ""max_depth"": 16, ""min_child_samples"": 80, ""feature_fraction"": 0.5, ""bagging_fraction"": 1.0, ""bagging_freq"": 3, ""reg_alpha"": 0.0002579818203440484, ""reg_lambda"": 1.7293433568630998, ""min_split_gain"": 0.0011840998637116507, ""path_smooth"": 0.0, ""extra_trees"": true, ""random_state"": 42, ""n_jobs"": -1, ""verbosity"": -1, ""objective"": ""binary"", ""metric"": ""auc""}"
lgb,gender,136,0.872132,45.19,"{""n_estimators"": 600, ""learning_rate"": 0.03369343823454295, ""num_leaves"": 95, ""max_depth"": 16, ""min_child_samples"": 20, ""feature_fraction"": 1.0, ""bagging_fraction"": 0.7, ""bagging_freq"": 0, ""reg_alpha"": 0.14572969678604125, ""reg_lambda"": 0.6085774534608248, ""min_split_gain"": 0.0004693363930636218, ""path_smooth"": 0.0, ""extra_trees"": false, ""random_state"": 42, ""n_jobs"": -1, ""verbosity"": -1, ""objective"": ""binary"", ""metric"": ""auc""}"
lgb,gender,137,0.856681,9.13,"{""n_estimators"": 400, ""learning_rate"": 0.036205027250048386, ""num_leaves"": 383, ""max_depth"": 4, ""min_child_samples"": 5, ""feature_fraction"": 0.7, ""bagging_fraction"": 1.0, ""bagging_freq"": 0, ""reg_alpha"": 1.8402858007602632, ""reg_lambda"": 0.00503350831858861, ""min_split_gain"": 0.1461358960031394, ""path_smooth"": 0.0, ""extra_trees"": false, ""random_state"": 42, ""n_jobs"": -1, ""verbosity"": -1, ""objective"": ""binary"", ""metric"": ""auc""}"
lgb,gender,138,0.853744,67.87,"{""n_estimators"": 5000, ""learning_rate"": 0.004303470846230913, ""num_leaves"": 95, ""max_depth"": 5, ""min_child_samples"": 200, ""feature_fraction"": 0.6, ""bagging_fraction"": 0.8, ""bagging_freq"": 1, ""reg_alpha"": 0.11010238735498012, ""reg_lambda"": 0.004329762941322282, ""min_split_gain"": 0.17678316924637436, ""path_smooth"": 0.0, ""extra_trees"": false, ""random_state"": 42, ""n_jobs"": -1, ""verbosity"": -1, ""objective"": ""binary"", ""metric"": ""auc""}"
lgb,gender,139,0.852004,17.21,"{""n_estimators"": 1200, ""learning_rate"": 0.021073236517060005, ""num_leaves"": 191, ""max_depth"": -1, ""min_child_samples"": 200, ""feature_fraction"": 0.6, ""bagging_fraction"": 0.5, ""bagging_freq"": 1, ""reg_alpha"": 0.07945373279314834, ""reg_lambda"": 0.005345629409974248, ""min_split_gain"": 0.00011526265327780077, ""path_smooth"": 0.0, ""extra_trees"": false, ""random_state"": 42, ""n_jobs"": -1, ""verbosity"": -1, ""objective"": ""binary"", ""metric"": ""auc""}"
lgb,gender,140,0.853908,42.11,"{""n_estimators"": 1200, ""learning_rate"": 0.008327298799424197, ""num_leaves"": 15, ""max_depth"": 12, ""min_child_samples"": 2, ""feature_fraction"": 0.6, ""bagging_fraction"": 0.6, ""bagging_freq"": 7, ""reg_alpha"": 0.000926760680874497, ""reg_lambda"": 2.053123642283488, ""min_split_gain"": 0.00015686871225272043, ""path_smooth"": 0.1, ""extra_trees"": false, ""random_state"": 42, ""n_jobs"": -1, ""verbosity"": -1, ""objective"": ""binary"", ""metric"": ""auc""}"
lgb,gender,141,0.861082,30.65,"{""n_estimators"": 600, ""learning_rate"": 0.015776850661682145, ""num_leaves"": 23, ""max_depth"": 16, ""min_child_samples"": 2, ""feature_fraction"": 0.9, ""bagging_fraction"": 0.6, ""bagging_freq"": 5, ""reg_alpha"": 0.0029592451349249376, ""reg_lambda"": 0.14792358749918272, ""min_split_gain"": 0.03056447476786728, ""path_smooth"": 0.0, ""extra_trees"": false, ""random_state"": 42, ""n_jobs"": -1, ""verbosity"": -1, ""objective"": ""binary"", ""metric"": ""auc""}"
lgb,gender,142,0.848173,32.72,"{""n_estimators"": 1600, ""learning_rate"": 0.005622582034696888, ""num_leaves"": 191, ""max_depth"": 5, ""min_child_samples"": 40, ""feature_fraction"": 0.7, ""bagging_fraction"": 1.0, ""bagging_freq"": 10, ""reg_alpha"": 0.023100249405538176, ""reg_lambda"": 6.317354842603089, ""min_split_gain"": 0.0012768823611049745, ""path_smooth"": 0.0, ""extra_trees"": true, ""random_state"": 42, ""n_jobs"": -1, ""verbosity"": -1, ""objective"": ""binary"", ""metric"": ""auc""}"
lgb,gender,143,0.862313,16.27,"{""n_estimators"": 5000, ""learning_rate"": 0.05109284668536757, ""num_leaves"": 383, ""max_depth"": 7, ""min_child_samples"": 80, ""feature_fraction"": 1.0, ""bagging_fraction"": 0.7, ""bagging_freq"": 10, ""reg_alpha"": 0.0010815976714250754, ""reg_lambda"": 0.03203403821740004, ""min_split_gain"": 0.01984994940783451, ""path_smooth"": 0.0, ""extra_trees"": false, ""random_state"": 42, ""n_jobs"": -1, ""verbosity"": -1, ""objective"": ""binary"", ""metric"": ""auc""}"
lgb,gender,144,0.868255,58.07,"{""n_estimators"": 1600, ""learning_rate"": 0.01454712203022291, ""num_leaves"": 31, ""max_depth"": -1, ""min_child_samples"": 3, ""feature_fraction"": 1.0, ""bagging_fraction"": 1.0, ""bagging_freq"": 10, ""reg_alpha"": 0.0006633887365881118, ""reg_lambda"": 0.00032493385440515504, ""min_split_gain"": 0.0003113271001661975, ""path_smooth"": 0.0, ""extra_trees"": false, ""random_state"": 42, ""n_jobs"": -1, ""verbosity"": -1, ""objective"": ""binary"", ""metric"": ""auc""}"
lgb,gender,145,0.865706,41.95,"{""n_estimators"": 3500, ""learning_rate"": 0.011749577269106151, ""num_leaves"": 255, ""max_depth"": 9, ""min_child_samples"": 2, ""feature_fraction"": 0.5, ""bagging_fraction"": 0.8, ""bagging_freq"": 1, ""reg_alpha"": 0.032555471865517764, ""reg_lambda"": 7.86669286684724, ""min_split_gain"": 0.03663990900245856, ""path_smooth"": 1.0, ""extra_trees"": true, ""random_state"": 42, ""n_jobs"": -1, ""verbosity"": -1, ""objective"": ""binary"", ""metric"": ""auc""}"
lgb,gender,146,0.856332,9.53,"{""n_estimators"": 1600, ""learning_rate"": 0.050629733173091954, ""num_leaves"": 63, ""max_depth"": 16, ""min_child_samples"": 20, ""feature_fraction"": 0.7, ""bagging_fraction"": 0.5, ""bagging_freq"": 7, ""reg_alpha"": 2.0724679767301684, ""reg_lambda"": 0.02327457110376004, ""min_split_gain"": 0.00011840177050460854, ""path_smooth"": 0.0, ""extra_trees"": true, ""random_state"": 42, ""n_jobs"": -1, ""verbosity"": -1, ""objective"": ""binary"", ""metric"": ""auc""}"
lgb,gender,147,0.873841,113.94,"{""n_estimators"": 5000, ""learning_rate"": 0.010593487442000114, ""num_leaves"": 127, ""max_depth"": -1, ""min_child_samples"": 3, ""feature_fraction"": 0.5, ""bagging_fraction"": 0.7, ""bagging_freq"": 0, ""reg_alpha"": 0.0006083324213763821, ""reg_lambda"": 3.0355574326319044, ""min_split_gain"": 0.03941633103461059, ""path_smooth"": 1.0, ""extra_trees"": false, ""random_state"": 42, ""n_jobs"": -1, ""verbosity"": -1, ""objective"": ""binary"", ""metric"": ""auc""}"
lgb,gender,148,0.870197,28.84,"{""n_estimators"": 3500, ""learning_rate"": 0.038145793958236765, ""num_leaves"": 255, ""max_depth"": 6, ""min_child_samples"": 3, ""feature_fraction"": 0.5, ""bagging_fraction"": 1.0, ""bagging_freq"": 7, ""reg_alpha"": 0.07202699069608069, ""reg_lambda"": 0.08653656565993981, ""min_split_gain"": 0.006629953835956301, ""path_smooth"": 0.0, ""extra_trees"": false, ""random_state"": 42, ""n_jobs"": -1, ""verbosity"": -1, ""objective"": ""binary"", ""metric"": ""auc""}"
lgb,gender,149,0.865665,41.41,"{""n_estimators"": 2400, ""learning_rate"": 0.00811515063086891, ""num_leaves"": 383, ""max_depth"": 16, ""min_child_samples"": 20, ""feature_fraction"": 0.9, ""bagging_fraction"": 0.6, ""bagging_freq"": 7, ""reg_alpha"": 0.004980477794048755, ""reg_lambda"": 0.03282704537272405, ""min_split_gain"": 0.15700414723815675, ""path_smooth"": 0.0, ""extra_trees"": true, ""random_state"": 42, ""n_jobs"": -1, ""verbosity"": -1, ""objective"": ""binary"", ""metric"": ""auc""}"
lgb,gender,150,0.867641,50.96,"{""n_estimators"": 600, ""learning_rate"": 0.02613965673593615, ""num_leaves"": 63, ""max_depth"": 9, ""min_child_samples"": 5, ""feature_fraction"": 1.0, ""bagging_fraction"": 0.6, ""bagging_freq"": 5, ""reg_alpha"": 0.11926068878527585, ""reg_lambda"": 0.04356628447550965, ""min_split_gain"": 0.06650028763875485, ""path_smooth"": 0.1, ""extra_trees"": false, ""random_state"": 42, ""n_jobs"": -1, ""verbosity"": -1, ""objective"": ""binary"", ""metric"": ""auc""}"
lgb,gender,151,0.837281,13.93,"{""n_estimators"": 600, ""learning_rate"": 0.0055486840032869505, ""num_leaves"": 383, ""max_depth"": 7, ""min_child_samples"": 80, ""feature_fraction"": 0.7, ""bagging_fraction"": 0.9, ""bagging_freq"": 7, ""reg_alpha"": 0.19950467328959937, ""reg_lambda"": 0.0010472132417268967, ""min_split_gain"": 0.007640653115172668, ""path_smooth"": 0.0, ""extra_trees"": true, ""random_state"": 42, ""n_jobs"": -1, ""verbosity"": -1, ""objective"": ""binary"", ""metric"": ""auc""}"
lgb,gender,152,0.859511,41.89,"{""n_estimators"": 5000, ""learning_rate"": 0.009026067541597812, ""num_leaves"": 23, ""max_depth"": 6, ""min_child_samples"": 5, ""feature_fraction"": 0.6, ""bagging_fraction"": 0.9, ""bagging_freq"": 5, ""reg_alpha"": 0.006558623097475961, ""reg_lambda"": 5.7019732038232025, ""min_split_gain"": 0.18508171642438226, ""path_smooth"": 0.0, ""extra_trees"": true, ""random_state"": 42, ""n_jobs"": -1, ""verbosity"": -1, ""objective"": ""binary"", ""metric"": ""auc""}"
lgb,gender,153,0.840963,27.23,"{""n_estimators"": 1200, ""learning_rate"": 0.0038695288400017094, ""num_leaves"": 63, ""max_depth"": 4, ""min_child_samples"": 5, ""feature_fraction"": 0.8, ""bagging_fraction"": 0.9, ""bagging_freq"": 10, ""reg_alpha"": 0.03271649491965911, ""reg_lambda"": 0.01664592407931245, ""min_split_gain"": 0.0004491935200241757, ""path_smooth"": 0.0, ""extra_trees"": false, ""random_state"": 42, ""n_jobs"": -1, ""verbosity"": -1, ""objective"": ""binary"", ""metric"": ""auc""}"
lgb,gender,154,0.856500,9.53,"{""n_estimators"": 2400, ""learning_rate"": 0.06948432263378367, ""num_leaves"": 255, ""max_depth"": -1, ""min_child_samples"": 3, ""feature_fraction"": 0.7, ""bagging_fraction"": 0.6, ""bagging_freq"": 1, ""reg_alpha"": 3.8978093871251005, ""reg_lambda"": 0.9921237726390931, ""min_split_gain"": 0.0006209006619385778, ""path_smooth"": 0.0, ""extra_trees"": true, ""random_state"": 42, ""n_jobs"": -1, ""verbosity"": -1, ""objective"": ""binary"", ""metric"": ""auc""}"
lgb,gender,155,0.872578,68.28,"{""n_estimators"": 1600, ""learning_rate"": 0.0060911454366075575, ""num_leaves"": 255, ""max_depth"": 7, ""min_child_samples"": 10, ""feature_fraction"": 1.0, ""bagging_fraction"": 1.0, ""bagging_freq"": 1, ""reg_alpha"": 0.0002876861683825014, ""reg_lambda"": 0.035045789990721624, ""min_split_gain"": 0.005360868826787642, ""path_smooth"": 1.0, ""extra_trees"": true, ""random_state"": 42, ""n_jobs"": -1, ""verbosity"": -1, ""objective"": ""binary"", ""metric"": ""auc""}"
lgb,gender,156,0.875203,18.80,"{""n_estimators"": 400, ""learning_rate"": 0.07997987077734814, ""num_leaves"": 127, ""max_depth"": 9, ""min_child_samples"": 5, ""feature_fraction"": 0.5, ""bagging_fraction"": 1.0, ""bagging_freq"": 1, ""reg_alpha"": 0.023657194795766806, ""reg_lambda"": 0.010587553086772583, ""min_split_gain"": 0.0021807249366601117, ""path_smooth"": 0.0, ""extra_trees"": false, ""random_state"": 42, ""n_jobs"": -1, ""verbosity"": -1, ""objective"": ""binary"", ""metric"": ""auc""}"
lgb,gender,157,0.858405,22.73,"{""n_estimators"": 1200, ""learning_rate"": 0.012018081564387587, ""num_leaves"": 23, ""max_depth"": -1, ""min_child_samples"": 5, ""feature_fraction"": 0.9, ""bagging_fraction"": 1.0, ""bagging_freq"": 10, ""reg_alpha"": 0.10909496568345427, ""reg_lambda"": 0.05770233631664043, ""min_split_gain"": 0.2913893736295788, ""path_smooth"": 0.1, ""extra_trees"": true, ""random_state"": 42, ""n_jobs"": -1, ""verbosity"": -1, ""objective"": ""binary"", ""metric"": ""auc""}"
lgb,gender,158,0.874658,64.46,"{""n_estimators"": 1600, ""learning_rate"": 0.009910753532183406, ""num_leaves"": 63, ""max_depth"": -1, ""min_child_samples"": 3, ""feature_fraction"": 0.4, ""bagging_fraction"": 0.7, ""bagging_freq"": 7, ""reg_alpha"": 0.0011250252053292295, ""reg_lambda"": 0.04119578065267827, ""min_split_gain"": 0.037245887743012865, ""path_smooth"": 0.0, ""extra_trees"": false, ""random_state"": 42, ""n_jobs"": -1, ""verbosity"": -1, ""objective"": ""binary"", ""metric"": ""auc""}"
lgb,gender,159,0.860032,54.65,"{""n_estimators"": 2400, ""learning_rate"": 0.015023346693405477, ""num_leaves"": 15, ""max_depth"": 12, ""min_child_samples"": 20, ""feature_fraction"": 1.0, ""bagging_fraction"": 0.8, ""bagging_freq"": 0, ""reg_alpha"": 0.044614814866561645, ""reg_lambda"": 0.059493971410695366, ""min_split_gain"": 0.0762651695287469, ""path_smooth"": 1.0, ""extra_trees"": false, ""random_state"": 42, ""n_jobs"": -1, ""verbosity"": -1, ""objective"": ""binary"", ""metric"": ""auc""}"
lgb,gender,160,0.851711,11.04,"{""n_estimators"": 800, ""learning_rate"": 0.032112857375882535, ""num_leaves"": 63, ""max_depth"": 12, ""min_child_samples"": 2, ""feature_fraction"": 0.9, ""bagging_fraction"": 0.5, ""bagging_freq"": 3, ""reg_alpha"": 2.6498223157592267, ""reg_lambda"": 0.001326864401846811, ""min_split_gain"": 0.12717038619142287, ""path_smooth"": 1.0, ""extra_trees"": true, ""random_state"": 42, ""n_jobs"": -1, ""verbosity"": -1, ""objective"": ""binary"", ""metric"": ""auc""}"
lgb,gender,161,0.870953,37.17,"{""n_estimators"": 1600, ""learning_rate"": 0.011841213254168252, ""num_leaves"": 47, ""max_depth"": 12, ""min_child_samples"": 40, ""feature_fraction"": 0.5, ""bagging_fraction"": 0.8, ""bagging_freq"": 0, ""reg_alpha"": 0.07723306341507934, ""reg_lambda"": 0.5430231955031187, ""min_split_gain"": 0.0007275498544458575, ""path_smooth"": 0.0, ""extra_trees"": true, ""random_state"": 42, ""n_jobs"": -1, ""verbosity"": -1, ""objective"": ""binary"", ""metric"": ""auc""}"
lgb,gender,162,0.863148,33.69,"{""n_estimators"": 1600, ""learning_rate"": 0.00833232595683116, ""num_leaves"": 47, ""max_depth"": 5, ""min_child_samples"": 3, ""feature_fraction"": 0.4, ""bagging_fraction"": 1.0, ""bagging_freq"": 1, ""reg_alpha"": 0.0021893117488647486, ""reg_lambda"": 0.0016112739840739702, ""min_split_gain"": 0.000819715463018348, ""path_smooth"": 0.0, ""extra_trees"": true, ""random_state"": 42, ""n_jobs"": -1, ""verbosity"": -1, ""objective"": ""binary"", ""metric"": ""auc""}"
lgb,gender,163,0.853705,10.65,"{""n_estimators"": 2400, ""learning_rate"": 0.05162370286880748, ""num_leaves"": 31, ""max_depth"": 4, ""min_child_samples"": 80, ""feature_fraction"": 0.8, ""bagging_fraction"": 0.6, ""bagging_freq"": 3, ""reg_alpha"": 0.02514904573464215, ""reg_lambda"": 0.0021981682467923517, ""min_split_gain"": 0.003609066604734588, ""path_smooth"": 0.0, ""extra_trees"": false, ""random_state"": 42, ""n_jobs"": -1, ""verbosity"": -1, ""objective"": ""binary"", ""metric"": ""auc""}"
lgb,gender,164,0.838490,7.79,"{""n_estimators"": 600, ""learning_rate"": 0.04570012889653399, ""num_leaves"": 47, ""max_depth"": -1, ""min_child_samples"": 200, ""feature_fraction"": 0.4, ""bagging_fraction"": 0.5, ""bagging_freq"": 5, ""reg_alpha"": 0.019209623287378286, ""reg_lambda"": 0.500295444068842, ""min_split_gain"": 0.025961409947196958, ""path_smooth"": 0.0, ""extra_trees"": true, ""random_state"": 42, ""n_jobs"": -1, ""verbosity"": -1, ""objective"": ""binary"", ""metric"": ""auc""}"
lgb,gender,165,0.852027,47.38,"{""n_estimators"": 1200, ""learning_rate"": 0.003107282994523383, ""num_leaves"": 95, ""max_depth"": -1, ""min_child_samples"": 80, ""feature_fraction"": 0.8, ""bagging_fraction"": 0.7, ""bagging_freq"": 3, ""reg_alpha"": 0.0008512042083107141, ""reg_lambda"": 0.014561012568408981, ""min_split_gain"": 0.0022404156621281734, ""path_smooth"": 0.0, ""extra_trees"": false, ""random_state"": 42, ""n_jobs"": -1, ""verbosity"": -1, ""objective"": ""binary"", ""metric"": ""auc""}"
lgb,gender,166,0.863034,15.70,"{""n_estimators"": 600, ""learning_rate"": 0.07072972593069284, ""num_leaves"": 95, ""max_depth"": 4, ""min_child_samples"": 2, ""feature_fraction"": 1.0, ""bagging_fraction"": 0.9, ""bagging_freq"": 10, ""reg_alpha"": 0.161014370021358, ""reg_lambda"": 0.352636265514587, ""min_split_gain"": 0.06387739637497311, ""path_smooth"": 0.1, ""extra_trees"": false, ""random_state"": 42, ""n_jobs"": -1, ""verbosity"": -1, ""objective"": ""binary"", ""metric"": ""auc""}"
lgb,gender,167,0.858374,13.46,"{""n_estimators"": 800, ""learning_rate"": 0.05469314528519922, ""num_leaves"": 15, ""max_depth"": 6, ""min_child_samples"": 120, ""feature_fraction"": 0.9, ""bagging_fraction"": 0.6, ""bagging_freq"": 1, ""reg_alpha"": 0.5950966664073998, ""reg_lambda"": 1.464156359530979, ""min_split_gain"": 0.000164452529494697, ""path_smooth"": 0.0, ""extra_trees"": false, ""random_state"": 42, ""n_jobs"": -1, ""verbosity"": -1, ""objective"": ""binary"", ""metric"": ""auc""}"
lgb,gender,168,0.867383,20.43,"{""n_estimators"": 1200, ""learning_rate"": 0.03162397855371237, ""num_leaves"": 95, ""max_depth"": 6, ""min_child_samples"": 40, ""feature_fraction"": 0.5, ""bagging_fraction"": 0.9, ""bagging_freq"": 5, ""reg_alpha"": 0.000309112470465924, ""reg_lambda"": 0.0007100464872358468, ""min_split_gain"": 0.0001253409362341897, ""path_smooth"": 0.0, ""extra_trees"": true, ""random_state"": 42, ""n_jobs"": -1, ""verbosity"": -1, ""objective"": ""binary"", ""metric"": ""auc""}"
lgb,gender,169,0.840285,18.81,"{""n_estimators"": 800, ""learning_rate"": 0.007740458973930884, ""num_leaves"": 15, ""max_depth"": 7, ""min_child_samples"": 10, ""feature_fraction"": 0.8, ""bagging_fraction"": 0.8, ""bagging_freq"": 10, ""reg_alpha"": 0.012467708120697238, ""reg_lambda"": 0.000658867291782368, ""min_split_gain"": 0.00015810507903740018, ""path_smooth"": 0.0, ""extra_trees"": true, ""random_state"": 42, ""n_jobs"": -1, ""verbosity"": -1, ""objective"": ""binary"", ""metric"": ""auc""}"
lgb,gender,170,0.858160,9.82,"{""n_estimators"": 400, ""learning_rate"": 0.0382171950350918, ""num_leaves"": 23, ""max_depth"": -1, ""min_child_samples"": 40, ""feature_fraction"": 0.4, ""bagging_fraction"": 0.9, ""bagging_freq"": 1, ""reg_alpha"": 0.047722666461540025, ""reg_lambda"": 0.0002658624791547426, ""min_split_gain"": 0.005242841298874214, ""path_smooth"": 0.0, ""extra_trees"": true, ""random_state"": 42, ""n_jobs"": -1, ""verbosity"": -1, ""objective"": ""binary"", ""metric"": ""auc""}"
lgb,gender,171,0.791195,15.50,"{""n_estimators"": 2400, ""learning_rate"": 0.004087540644499535, ""num_leaves"": 31, ""max_depth"": 7, ""min_child_samples"": 200, ""feature_fraction"": 0.4, ""bagging_fraction"": 0.8, ""bagging_freq"": 7, ""reg_alpha"": 0.00021664778906579544, ""reg_lambda"": 0.20175511034833632, ""min_split_gain"": 0.17338292956205237, ""path_smooth"": 0.0, ""extra_trees"": true, ""random_state"": 42, ""n_jobs"": -1, ""verbosity"": -1, ""objective"": ""binary"", ""metric"": ""auc""}"
lgb,gender,172,0.865164,15.31,"{""n_estimators"": 800, ""learning_rate"": 0.05017362815711435, ""num_leaves"": 15, ""max_depth"": 7, ""min_child_samples"": 10, ""feature_fraction"": 0.7, ""bagging_fraction"": 1.0, ""bagging_freq"": 10, ""reg_alpha"": 0.020016032829672438, ""reg_lambda"": 0.005966481034477081, ""min_split_gain"": 0.0007616264011357283, ""path_smooth"": 0.1, ""extra_trees"": true, ""random_state"": 42, ""n_jobs"": -1, ""verbosity"": -1, ""objective"": ""binary"", ""metric"": ""auc""}"
lgb,gender,173,0.850131,13.30,"{""n_estimators"": 600, ""learning_rate"": 0.014250152576558369, ""num_leaves"": 191, ""max_depth"": 5, ""min_child_samples"": 2, ""feature_fraction"": 1.0, ""bagging_fraction"": 0.9, ""bagging_freq"": 7, ""reg_alpha"": 1.750361214497884, ""reg_lambda"": 0.8413482282145506, ""min_split_gain"": 0.0019460204829090553, ""path_smooth"": 0.0, ""extra_trees"": true, ""random_state"": 42, ""n_jobs"": -1, ""verbosity"": -1, ""objective"": ""binary"", ""metric"": ""auc""}"
lgb,gender,174,0.869921,14.74,"{""n_estimators"": 1600, ""learning_rate"": 0.07018886232704911, ""num_leaves"": 63, ""max_depth"": 9, ""min_child_samples"": 80, ""feature_fraction"": 0.6, ""bagging_fraction"": 1.0, ""bagging_freq"": 0, ""reg_alpha"": 0.00040077238505937694, ""reg_lambda"": 0.0010773791599659741, ""min_split_gain"": 0.13123274672343804, ""path_smooth"": 0.1, ""extra_trees"": false, ""random_state"": 42, ""n_jobs"": -1, ""verbosity"": -1, ""objective"": ""binary"", ""metric"": ""auc""}"
lgb,gender,175,0.860360,37.66,"{""n_estimators"": 600, ""learning_rate"": 0.007302040204397244, ""num_leaves"": 47, ""max_depth"": 7, ""min_child_samples"": 20, ""feature_fraction"": 0.7, ""bagging_fraction"": 0.9, ""bagging_freq"": 5, ""reg_alpha"": 0.02834071214092652, ""reg_lambda"": 2.475064952599341, ""min_split_gain"": 0.0006363228946091191, ""path_smooth"": 0.1, ""extra_trees"": false, ""random_state"": 42, ""n_jobs"": -1, ""verbosity"": -1, ""objective"": ""binary"", ""metric"": ""auc""}"
lgb,gender,176,0.829687,129.73,"{""n_estimators"": 1200, ""learning_rate"": 0.0030827744810455818, ""num_leaves"": 95, ""max_depth"": -1, ""min_child_samples"": 5, ""feature_fraction"": 0.8, ""bagging_fraction"": 0.9, ""bagging_freq"": 0, ""reg_alpha"": 0.0036474608913523057, ""reg_lambda"": 0.0007268696289167954, ""min_split_gain"": 0.0010717823103363667, ""path_smooth"": 0.1, ""extra_trees"": false, ""random_state"": 42, ""n_jobs"": -1, ""verbosity"": -1, ""objective"": ""binary"", ""metric"": ""auc""}"
lgb,gender,177,0.866470,17.14,"{""n_estimators"": 1600, ""learning_rate"": 0.04213435577300425, ""num_leaves"": 255, ""max_depth"": 9, ""min_child_samples"": 20, ""feature_fraction"": 0.8, ""bagging_fraction"": 1.0, ""bagging_freq"": 3, ""reg_alpha"": 0.0014739258762929345, ""reg_lambda"": 9.370146558126834, ""min_split_gain"": 0.07859020282576838, ""path_smooth"": 0.1, ""extra_trees"": true, ""random_state"": 42, ""n_jobs"": -1, ""verbosity"": -1, ""objective"": ""binary"", ""metric"": ""auc""}"
lgb,gender,178,0.862772,59.99,"{""n_estimators"": 3500, ""learning_rate"": 0.006202622976237818, ""num_leaves"": 23, ""max_depth"": 12, ""min_child_samples"": 10, ""feature_fraction"": 0.7, ""bagging_fraction"": 0.6, ""bagging_freq"": 10, ""reg_alpha"": 0.07398378979021976, ""reg_lambda"": 0.0002524472292707677, ""min_split_gain"": 0.07849637107454545, ""path_smooth"": 0.0, ""extra_trees"": false, ""random_state"": 42, ""n_jobs"": -1, ""verbosity"": -1, ""objective"": ""binary"", ""metric"": ""auc""}"
lgb,gender,179,0.862039,18.41,"{""n_estimators"": 1600, ""learning_rate"": 0.06672892283971901, ""num_leaves"": 23, ""max_depth"": -1, ""min_child_samples"": 10, ""feature_fraction"": 0.6, ""bagging_fraction"": 0.6, ""bagging_freq"": 10, ""reg_alpha"": 0.0001392049740087269, ""reg_lambda"": 0.0009315205358015196, ""min_split_gain"": 0.16443652071978168, ""path_smooth"": 0.1, ""extra_trees"": false, ""random_state"": 42, ""n_jobs"": -1, ""verbosity"": -1, ""objective"": ""binary"", ""metric"": ""auc""}"
lgb,gender,180,0.863371,11.12,"{""n_estimators"": 800, ""learning_rate"": 0.05505673853467801, ""num_leaves"": 63, ""max_depth"": 16, ""min_child_samples"": 20, ""feature_fraction"": 0.4, ""bagging_fraction"": 0.7, ""bagging_freq"": 3, ""reg_alpha"": 0.411973682574658, ""reg_lambda"": 0.2006368263736114, ""min_split_gain"": 0.06765054388753507, ""path_smooth"": 0.1, ""extra_trees"": true, ""random_state"": 42, ""n_jobs"": -1, ""verbosity"": -1, ""objective"": ""binary"", ""metric"": ""auc""}"
lgb,gender,181,0.858402,13.30,"{""n_estimators"": 600, ""learning_rate"": 0.030943662638305836, ""num_leaves"": 23, ""max_depth"": 12, ""min_child_samples"": 80, ""feature_fraction"": 1.0, ""bagging_fraction"": 0.8, ""bagging_freq"": 1, ""reg_alpha"": 0.004184522589656521, ""reg_lambda"": 3.1624545223184857, ""min_split_gain"": 0.01649384826426063, ""path_smooth"": 0.1, ""extra_trees"": true, ""random_state"": 42, ""n_jobs"": -1, ""verbosity"": -1, ""objective"": ""binary"", ""metric"": ""auc""}"
lgb,gender,182,0.807789,7.52,"{""n_estimators"": 400, ""learning_rate"": 0.003242612635114291, ""num_leaves"": 15, ""max_depth"": 5, ""min_child_samples"": 20, ""feature_fraction"": 0.9, ""bagging_fraction"": 0.5, ""bagging_freq"": 1, ""reg_alpha"": 0.0003439709571463566, ""reg_lambda"": 0.03163132560777032, ""min_split_gain"": 0.0008136978367693185, ""path_smooth"": 1.0, ""extra_trees"": true, ""random_state"": 42, ""n_jobs"": -1, ""verbosity"": -1, ""objective"": ""binary"", ""metric"": ""auc""}"
lgb,gender,183,0.862084,13.75,"{""n_estimators"": 800, ""learning_rate"": 0.036967944779466744, ""num_leaves"": 63, ""max_depth"": 16, ""min_child_samples"": 80, ""feature_fraction"": 0.4, ""bagging_fraction"": 1.0, ""bagging_freq"": 1, ""reg_alpha"": 0.0001066939380240784, ""reg_lambda"": 0.0003211628125133262, ""min_split_gain"": 0.05055349966404038, ""path_smooth"": 0.0, ""extra_trees"": true, ""random_state"": 42, ""n_jobs"": -1, ""verbosity"": -1, ""objective"": ""binary"", ""metric"": ""auc""}"
lgb,gender,184,0.805914,23.03,"{""n_estimators"": 5000, ""learning_rate"": 0.0054360868291628, ""num_leaves"": 63, ""max_depth"": 9, ""min_child_samples"": 200, ""feature_fraction"": 0.5, ""bagging_fraction"": 0.7, ""bagging_freq"": 10, ""reg_alpha"": 0.838750507232918, ""reg_lambda"": 0.0004588431212567217, ""min_split_gain"": 0.08449721325925154, ""path_smooth"": 0.0, ""extra_trees"": true, ""random_state"": 42, ""n_jobs"": -1, ""verbosity"": -1, ""objective"": ""binary"", ""metric"": ""auc""}"
lgb,gender,185,0.863881,25.53,"{""n_estimators"": 600, ""learning_rate"": 0.02242547945746392, ""num_leaves"": 23, ""max_depth"": 16, ""min_child_samples"": 20, ""feature_fraction"": 1.0, ""bagging_fraction"": 0.7, ""bagging_freq"": 5, ""reg_alpha"": 0.24748908795444152, ""reg_lambda"": 0.1451945388448169, ""min_split_gain"": 0.00994110493629354, ""path_smooth"": 0.0, ""extra_trees"": false, ""random_state"": 42, ""n_jobs"": -1, ""verbosity"": -1, ""objective"": ""binary"", ""metric"": ""auc""}"
lgb,gender,186,0.873890,53.86,"{""n_estimators"": 3500, ""learning_rate"": 0.01700114666579086, ""num_leaves"": 127, ""max_depth"": 16, ""min_child_samples"": 20, ""feature_fraction"": 0.5, ""bagging_fraction"": 0.8, ""bagging_freq"": 7, ""reg_alpha"": 0.07754856497595751, ""reg_lambda"": 0.005643880167932598, ""min_split_gain"": 0.003418865785283875, ""path_smooth"": 0.1, ""extra_trees"": false, ""random_state"": 42, ""n_jobs"": -1, ""verbosity"": -1, ""objective"": ""binary"", ""metric"": ""auc""}"
lgb,gender,187,0.860631,30.44,"{""n_estimators"": 600, ""learning_rate"": 0.006544622611312015, ""num_leaves"": 63, ""max_depth"": -1, ""min_child_samples"": 40, ""feature_fraction"": 0.6, ""bagging_fraction"": 0.6, ""bagging_freq"": 5, ""reg_alpha"": 0.010455557855120512, ""reg_lambda"": 0.12091612935812339, ""min_split_gain"": 0.10171772174901832, ""path_smooth"": 0.0, ""extra_trees"": false, ""random_state"": 42, ""n_jobs"": -1, ""verbosity"": -1, ""objective"": ""binary"", ""metric"": ""auc""}"
lgb,gender,188,0.864799,9.66,"{""n_estimators"": 800, ""learning_rate"": 0.07803563832439213, ""num_leaves"": 47, ""max_depth"": 12, ""min_child_samples"": 20, ""feature_fraction"": 0.4, ""bagging_fraction"": 0.5, ""bagging_freq"": 3, ""reg_alpha"": 2.6032906858890783, ""reg_lambda"": 0.00010296739182318304, ""min_split_gain"": 0.0001690851162063989, ""path_smooth"": 0.0, ""extra_trees"": false, ""random_state"": 42, ""n_jobs"": -1, ""verbosity"": -1, ""objective"": ""binary"", ""metric"": ""auc""}"
lgb,gender,189,0.845673,23.48,"{""n_estimators"": 1600, ""learning_rate"": 0.006899549549010136, ""num_leaves"": 31, ""max_depth"": 4, ""min_child_samples"": 20, ""feature_fraction"": 0.9, ""bagging_fraction"": 0.5, ""bagging_freq"": 10, ""reg_alpha"": 0.5843609080267249, ""reg_lambda"": 0.00040846205740690075, ""min_split_gain"": 0.027884720715728162, ""path_smooth"": 1.0, ""extra_trees"": true, ""random_state"": 42, ""n_jobs"": -1, ""verbosity"": -1, ""objective"": ""binary"", ""metric"": ""auc""}"
lgb,gender,190,0.869759,14.54,"{""n_estimators"": 2400, ""learning_rate"": 0.03515092751193939, ""num_leaves"": 95, ""max_depth"": 9, ""min_child_samples"": 2, ""feature_fraction"": 1.0, ""bagging_fraction"": 0.5, ""bagging_freq"": 5, ""reg_alpha"": 0.006073187826233906, ""reg_lambda"": 0.3363519507565926, ""min_split_gain"": 0.047106565276949106, ""path_smooth"": 0.1, ""extra_trees"": true, ""random_state"": 42, ""n_jobs"": -1, ""verbosity"": -1, ""objective"": ""binary"", ""metric"": ""auc""}"
lgb,gender,191,0.867355,19.62,"{""n_estimators"": 600, ""learning_rate"": 0.037284182166993404, ""num_leaves"": 63, ""max_depth"": 16, ""min_child_samples"": 80, ""feature_fraction"": 0.6, ""bagging_fraction"": 0.7, ""bagging_freq"": 10, ""reg_alpha"": 0.0007025721870358404, ""reg_lambda"": 0.010457098104679773, ""min_split_gain"": 0.012143335261217478, ""path_smooth"": 0.1, ""extra_trees"": false, ""random_state"": 42, ""n_jobs"": -1, ""verbosity"": -1, ""objective"": ""binary"", ""metric"": ""auc""}"
lgb,gender,192,0.862353,8.59,"{""n_estimators"": 400, ""learning_rate"": 0.0631715271613974, ""num_leaves"": 255, ""max_depth"": -1, ""min_child_samples"": 80, ""feature_fraction"": 0.9, ""bagging_fraction"": 0.7, ""bagging_freq"": 0, ""reg_alpha"": 0.003687636575904505, ""reg_lambda"": 0.00015239194626508892, ""min_split_gain"": 0.02878220265524884, ""path_smooth"": 0.0, ""extra_trees"": true, ""random_state"": 42, ""n_jobs"": -1, ""verbosity"": -1, ""objective"": ""binary"", ""metric"": ""auc""}"
lgb,gender,193,0.853000,29.34,"{""n_estimators"": 1600, ""learning_rate"": 0.009223249856818553, ""num_leaves"": 95, ""max_depth"": 12, ""min_child_samples"": 200, ""feature_fraction"": 0.4, ""bagging_fraction"": 0.6, ""bagging_freq"": 7, ""reg_alpha"": 0.011951758048233585, ""reg_lambda"": 0.0002813872600514744, ""min_split_gain"": 0.00018152345101656088, ""path_smooth"": 0.0, ""extra_trees"": false, ""random_state"": 42, ""n_jobs"": -1, ""verbosity"": -1, ""objective"": ""binary"", ""metric"": ""auc""}"
lgb,gender,194,0.808261,31.21,"{""n_estimators"": 3500, ""learning_rate"": 0.0035443456698553517, ""num_leaves"": 127, ""max_depth"": 7, ""min_child_samples"": 120, ""feature_fraction"": 0.6, ""bagging_fraction"": 0.7, ""bagging_freq"": 0, ""reg_alpha"": 0.08835697560573373, ""reg_lambda"": 0.0018368809128739938, ""min_split_gain"": 0.18893015917320938, ""path_smooth"": 1.0, ""extra_trees"": true, ""random_state"": 42, ""n_jobs"": -1, ""verbosity"": -1, ""objective"": ""binary"", ""metric"": ""auc""}"
lgb,gender,195,0.852070,23.21,"{""n_estimators"": 2400, ""learning_rate"": 0.016056606658151007, ""num_leaves"": 383, ""max_depth"": 6, ""min_child_samples"": 200, ""feature_fraction"": 0.5, ""bagging_fraction"": 0.9, ""bagging_freq"": 0, ""reg_alpha"": 0.00019180245703917257, ""reg_lambda"": 0.09903226157165705, ""min_split_gain"": 0.05084902197687237, ""path_smooth"": 0.1, ""extra_trees"": true, ""random_state"": 42, ""n_jobs"": -1, ""verbosity"": -1, ""objective"": ""binary"", ""metric"": ""auc""}"
lgb,gender,196,0.834656,32.37,"{""n_estimators"": 3500, ""learning_rate"": 0.007105335740243431, ""num_leaves"": 127, ""max_depth"": 5, ""min_child_samples"": 40, ""feature_fraction"": 0.9, ""bagging_fraction"": 0.7, ""bagging_freq"": 10, ""reg_alpha"": 0.0007429034184223024, ""reg_lambda"": 2.046562501853189, ""min_split_gain"": 0.02956251864192109, ""path_smooth"": 1.0, ""extra_trees"": true, ""random_state"": 42, ""n_jobs"": -1, ""verbosity"": -1, ""objective"": ""binary"", ""metric"": ""auc""}"
lgb,gender,197,0.867896,14.64,"{""n_estimators"": 5000, ""learning_rate"": 0.022371781431871036, ""num_leaves"": 95, ""max_depth"": 7, ""min_child_samples"": 5, ""feature_fraction"": 0.9, ""bagging_fraction"": 1.0, ""bagging_freq"": 3, ""reg_alpha"": 0.13948477052172173, ""reg_lambda"": 0.005394347628827615, ""min_split_gain"": 0.13283203839852875, ""path_smooth"": 0.0, ""extra_trees"": true, ""random_state"": 42, ""n_jobs"": -1, ""verbosity"": -1, ""objective"": ""binary"", ""metric"": ""auc""}"
lgb,gender,198,0.845739,10.51,"{""n_estimators"": 3500, ""learning_rate"": 0.03740996137808378, ""num_leaves"": 63, ""max_depth"": 5, ""min_child_samples"": 200, ""feature_fraction"": 0.7, ""bagging_fraction"": 0.8, ""bagging_freq"": 1, ""reg_alpha"": 1.5894908345649044, ""reg_lambda"": 0.2953634247338843, ""min_split_gain"": 0.046667935355904744, ""path_smooth"": 1.0, ""extra_trees"": true, ""random_state"": 42, ""n_jobs"": -1, ""verbosity"": -1, ""objective"": ""binary"", ""metric"": ""auc""}"
lgb,gender,199,0.868823,13.83,"{""n_estimators"": 5000, ""learning_rate"": 0.058585636232327425, ""num_leaves"": 95, ""max_depth"": 12, ""min_child_samples"": 2, ""feature_fraction"": 0.4, ""bagging_fraction"": 0.5, ""bagging_freq"": 3, ""reg_alpha"": 2.9018560190683003, ""reg_lambda"": 0.008329805866525234, ""min_split_gain"": 0.010632975920207854, ""path_smooth"": 0.0, ""extra_trees"": false, ""random_state"": 42, ""n_jobs"": -1, ""verbosity"": -1, ""objective"": ""binary"", ""metric"": ""auc""}"
lgb,gender,200,0.869170,15.06,"{""n_estimators"": 3500, ""learning_rate"": 0.061279883465842934, ""num_leaves"": 191, ""max_depth"": 5, ""min_child_samples"": 5, ""feature_fraction"": 0.4, ""bagging_fraction"": 0.9, ""bagging_freq"": 7, ""reg_alpha"": 0.0003948838428304508, ""reg_lambda"": 0.5485364488045049, ""min_split_gain"": 0.006879773292504177, ""path_smooth"": 0.0, ""extra_trees"": false, ""random_state"": 42, ""n_jobs"": -1, ""verbosity"": -1, ""objective"": ""binary"", ""metric"": ""auc""}"
lgb,gender,201,0.872850,13.78,"{""n_estimators"": 2400, ""learning_rate"": 0.05284052038002808, ""num_leaves"": 383, ""max_depth"": 7, ""min_child_samples"": 10, ""feature_fraction"": 0.4, ""bagging_fraction"": 0.8, ""bagging_freq"": 0, ""reg_alpha"": 0.004486831872688637, ""reg_lambda"": 0.010284983500592983, ""min_split_gain"": 0.0004091386583380045, ""path_smooth"": 0.0, ""extra_trees"": true, ""random_state"": 42, ""n_jobs"": -1, ""verbosity"": -1, ""objective"": ""binary"", ""metric"": ""auc""}"
lgb,gender,202,0.863006,16.84,"{""n_estimators"": 3500, ""learning_rate"": 0.04578580412663667, ""num_leaves"": 255, ""max_depth"": 4, ""min_child_samples"": 2, ""feature_fraction"": 1.0, ""bagging_fraction"": 0.9, ""bagging_freq"": 7, ""reg_alpha"": 0.0003534465783114976, ""reg_lambda"": 0.001370713423660369, ""min_split_gain"": 0.0004668410933060244, ""path_smooth"": 0.0, ""extra_trees"": true, ""random_state"": 42, ""n_jobs"": -1, ""verbosity"": -1, ""objective"": ""binary"", ""metric"": ""auc""}"
lgb,gender,203,0.851039,9.33,"{""n_estimators"": 2400, ""learning_rate"": 0.06564163418940751, ""num_leaves"": 95, ""max_depth"": -1, ""min_child_samples"": 200, ""feature_fraction"": 0.7, ""bagging_fraction"": 0.6, ""bagging_freq"": 10, ""reg_alpha"": 0.00015581768490814313, ""reg_lambda"": 0.022333036659718097, ""min_split_gain"": 0.1366953345861091, ""path_smooth"": 0.1, ""extra_trees"": false, ""random_state"": 42, ""n_jobs"": -1, ""verbosity"": -1, ""objective"": ""binary"", ""metric"": ""auc""}"
lgb,gender,204,0.857514,31.22,"{""n_estimators"": 1600, ""learning_rate"": 0.00880625540868812, ""num_leaves"": 31, ""max_depth"": 7, ""min_child_samples"": 200, ""feature_fraction"": 0.4, ""bagging_fraction"": 0.9, ""bagging_freq"": 7, ""reg_alpha"": 0.004239932409967218, ""reg_lambda"": 0.016853086464554454, ""min_split_gain"": 0.00030866583867825603, ""path_smooth"": 0.0, ""extra_trees"": false, ""random_state"": 42, ""n_jobs"": -1, ""verbosity"": -1, ""objective"": ""binary"", ""metric"": ""auc""}"
lgb,gender,205,0.844497,28.39,"{""n_estimators"": 1600, ""learning_rate"": 0.005131351364816432, ""num_leaves"": 23, ""max_depth"": 6, ""min_child_samples"": 120, ""feature_fraction"": 0.4, ""bagging_fraction"": 0.9, ""bagging_freq"": 7, ""reg_alpha"": 0.044493532893897285, ""reg_lambda"": 0.1751049581768776, ""min_split_gain"": 0.001451630298876468, ""path_smooth"": 1.0, ""extra_trees"": true, ""random_state"": 42, ""n_jobs"": -1, ""verbosity"": -1, ""objective"": ""binary"", ""metric"": ""auc""}"
lgb,gender,206,0.849176,9.69,"{""n_estimators"": 400, ""learning_rate"": 0.021646218972550237, ""num_leaves"": 255, ""max_depth"": 4, ""min_child_samples"": 5, ""feature_fraction"": 0.9, ""bagging_fraction"": 0.5, ""bagging_freq"": 3, ""reg_alpha"": 1.457109462037587, ""reg_lambda"": 0.0007672546641153189, ""min_split_gain"": 0.12404949362430469, ""path_smooth"": 0.0, ""extra_trees"": false, ""random_state"": 42, ""n_jobs"": -1, ""verbosity"": -1, ""objective"": ""binary"", ""metric"": ""auc""}"
lgb,gender,207,0.872934,50.98,"{""n_estimators"": 2400, ""learning_rate"": 0.013123235319230306, ""num_leaves"": 95, ""max_depth"": 16, ""min_child_samples"": 3, ""feature_fraction"": 0.8, ""bagging_fraction"": 0.6, ""bagging_freq"": 0, ""reg_alpha"": 0.027274154008446662, ""reg_lambda"": 0.006947678818174256, ""min_split_gain"": 0.0032513804098323637, ""path_smooth"": 0.0, ""extra_trees"": true, ""random_state"": 42, ""n_jobs"": -1, ""verbosity"": -1, ""objective"": ""binary"", ""metric"": ""auc""}"
lgb,gender,208,0.860577,64.28,"{""n_estimators"": 2400, ""learning_rate"": 0.00435629999526104, ""num_leaves"": 127, ""max_depth"": 7, ""min_child_samples"": 80, ""feature_fraction"": 0.6, ""bagging_fraction"": 0.6, ""bagging_freq"": 10, ""reg_alpha"": 0.0017752899815045927, ""reg_lambda"": 0.00012760993672480131, ""min_split_gain"": 0.002094532478004794, ""path_smooth"": 0.1, ""extra_trees"": false, ""random_state"": 42, ""n_jobs"": -1, ""verbosity"": -1, ""objective"": ""binary"", ""metric"": ""auc""}"
lgb,gender,209,0.859869,20.29,"{""n_estimators"": 2400, ""learning_rate"": 0.021102538369381457, ""num_leaves"": 15, ""max_depth"": 5, ""min_child_samples"": 10, ""feature_fraction"": 0.6, ""bagging_fraction"": 0.6, ""bagging_freq"": 7, ""reg_alpha"": 0.047364021243331576, ""reg_lambda"": 0.021785698818830947, ""min_split_gain"": 0.026648220341221794, ""path_smooth"": 1.0, ""extra_trees"": true, ""random_state"": 42, ""n_jobs"": -1, ""verbosity"": -1, ""objective"": ""binary"", ""metric"": ""auc""}"
lgb,gender,210,0.858417,10.89,"{""n_estimators"": 1200, ""learning_rate"": 0.049276197927856355, ""num_leaves"": 23, ""max_depth"": 9, ""min_child_samples"": 20, ""feature_fraction"": 0.5, ""bagging_fraction"": 0.6, ""bagging_freq"": 3, ""reg_alpha"": 0.5049922535809441, ""reg_lambda"": 3.6731860755325996, ""min_split_gain"": 0.021961540674156402, ""path_smooth"": 0.0, ""extra_trees"": true, ""random_state"": 42, ""n_jobs"": -1, ""verbosity"": -1, ""objective"": ""binary"", ""metric"": ""auc""}"
lgb,gender,211,0.812943,17.83,"{""n_estimators"": 800, ""learning_rate"": 0.005137961625031569, ""num_leaves"": 15, ""max_depth"": 6, ""min_child_samples"": 5, ""feature_fraction"": 0.4, ""bagging_fraction"": 0.6, ""bagging_freq"": 3, ""reg_alpha"": 0.628311043276808, ""reg_lambda"": 0.20157089125783398, ""min_split_gain"": 0.0008705688685489786, ""path_smooth"": 1.0, ""extra_trees"": false, ""random_state"": 42, ""n_jobs"": -1, ""verbosity"": -1, ""objective"": ""binary"", ""metric"": ""auc""}"
lgb,gender,212,0.865982,29.38,"{""n_estimators"": 2400, ""learning_rate"": 0.015435488934091038, ""num_leaves"": 63, ""max_depth"": 5, ""min_child_samples"": 5, ""feature_fraction"": 0.8, ""bagging_fraction"": 0.6, ""bagging_freq"": 1, ""reg_alpha"": 0.29893345296064683, ""reg_lambda"": 0.00010460982773119085, ""min_split_gain"": 0.0007646868228605014, ""path_smooth"": 0.1, ""extra_trees"": true, ""random_state"": 42, ""n_jobs"": -1, ""verbosity"": -1, ""objective"": ""binary"", ""metric"": ""auc""}"
lgb,gender,213,0.851426,6.04,"{""n_estimators"": 400, ""learning_rate"": 0.07056414048683828, ""num_leaves"": 23, ""max_depth"": 4, ""min_child_samples"": 2, ""feature_fraction"": 0.9, ""bagging_fraction"": 0.9, ""bagging_freq"": 7, ""reg_alpha"": 0.9015792038317225, ""reg_lambda"": 0.00011394004622433184, ""min_split_gain"": 0.2629500376690967, ""path_smooth"": 0.0, ""extra_trees"": true, ""random_state"": 42, ""n_jobs"": -1, ""verbosity"": -1, ""objective"": ""binary"", ""metric"": ""auc""}"
lgb,gender,214,0.871217,10.77,"{""n_estimators"": 3500, ""learning_rate"": 0.0483333217656837, ""num_leaves"": 191, ""max_depth"": 12, ""min_child_samples"": 5, ""feature_fraction"": 0.8, ""bagging_fraction"": 1.0, ""bagging_freq"": 1, ""reg_alpha"": 0.018217840923194874, ""reg_lambda"": 0.283125032410028, ""min_split_gain"": 0.05008218642592311, ""path_smooth"": 0.1, ""extra_trees"": true, ""random_state"": 42, ""n_jobs"": -1, ""verbosity"": -1, ""objective"": ""binary"", ""metric"": ""auc""}"
lgb,gender,215,0.857574,30.69,"{""n_estimators"": 2400, ""learning_rate"": 0.017776468413998922, ""num_leaves"": 31, ""max_depth"": 4, ""min_child_samples"": 120, ""feature_fraction"": 0.9, ""bagging_fraction"": 1.0, ""bagging_freq"": 0, ""reg_alpha"": 0.9461248326160029, ""reg_lambda"": 0.0027913670543225776, ""min_split_gain"": 0.261265457283492, ""path_smooth"": 0.0, ""extra_trees"": false, ""random_state"": 42, ""n_jobs"": -1, ""verbosity"": -1, ""objective"": ""binary"", ""metric"": ""auc""}"
lgb,gender,216,0.843452,56.88,"{""n_estimators"": 2400, ""learning_rate"": 0.00341052518278686, ""num_leaves"": 47, ""max_depth"": 4, ""min_child_samples"": 80, ""feature_fraction"": 1.0, ""bagging_fraction"": 0.8, ""bagging_freq"": 5, ""reg_alpha"": 0.00018371600493233658, ""reg_lambda"": 0.00645570085583141, ""min_split_gain"": 0.14235016059687616, ""path_smooth"": 1.0, ""extra_trees"": false, ""random_state"": 42, ""n_jobs"": -1, ""verbosity"": -1, ""objective"": ""binary"", ""metric"": ""auc""}"
lgb,gender,217,0.856362,56.62,"{""n_estimators"": 2400, ""learning_rate"": 0.0038380769302372897, ""num_leaves"": 383, ""max_depth"": 5, ""min_child_samples"": 40, ""feature_fraction"": 0.4, ""bagging_fraction"": 0.7, ""bagging_freq"": 10, ""reg_alpha"": 0.0016929223342495685, ""reg_lambda"": 0.2100001933616502, ""min_split_gain"": 0.0007385541486759633, ""path_smooth"": 1.0, ""extra_trees"": false, ""random_state"": 42, ""n_jobs"": -1, ""verbosity"": -1, ""objective"": ""binary"", ""metric"": ""auc""}"
lgb,gender,218,0.848036,8.50,"{""n_estimators"": 600, ""learning_rate"": 0.06484814513517322, ""num_leaves"": 63, ""max_depth"": 16, ""min_child_samples"": 120, ""feature_fraction"": 0.6, ""bagging_fraction"": 0.5, ""bagging_freq"": 5, ""reg_alpha"": 0.010886816953526045, ""reg_lambda"": 2.150140996504585, ""min_split_gain"": 0.13691366407090785, ""path_smooth"": 0.0, ""extra_trees"": true, ""random_state"": 42, ""n_jobs"": -1, ""verbosity"": -1, ""objective"": ""binary"", ""metric"": ""auc""}"
lgb,gender,219,0.831562,60.37,"{""n_estimators"": 5000, ""learning_rate"": 0.003817170600971277, ""num_leaves"": 127, ""max_depth"": 6, ""min_child_samples"": 120, ""feature_fraction"": 0.5, ""bagging_fraction"": 1.0, ""bagging_freq"": 1, ""reg_alpha"": 0.0005757804363067351, ""reg_lambda"": 0.004608705841526673, ""min_split_gain"": 0.00019219045936460317, ""path_smooth"": 0.1, ""extra_trees"": true, ""random_state"": 42, ""n_jobs"": -1, ""verbosity"": -1, ""objective"": ""binary"", ""metric"": ""auc""}"
lgb,gender,220,0.838055,16.68,"{""n_estimators"": 800, ""learning_rate"": 0.007491447777265159, ""num_leaves"": 15, ""max_depth"": 4, ""min_child_samples"": 120, ""feature_fraction"": 0.5, ""bagging_fraction"": 0.8, ""bagging_freq"": 10, ""reg_alpha"": 0.008514638019863987, ""reg_lambda"": 0.026427033411713187, ""min_split_gain"": 0.09708005578992124, ""path_smooth"": 1.0, ""extra_trees"": false, ""random_state"": 42, ""n_jobs"": -1, ""verbosity"": -1, ""objective"": ""binary"", ""metric"": ""auc""}"
lgb,gender,221,0.859363,11.08,"{""n_estimators"": 1600, ""learning_rate"": 0.05748483409636533, ""num_leaves"": 15, ""max_depth"": 6, ""min_child_samples"": 200, ""feature_fraction"": 0.4, ""bagging_fraction"": 1.0, ""bagging_freq"": 5, ""reg_alpha"": 0.0005128035427359012, ""reg_lambda"": 0.2930099124739389, ""min_split_gain"": 0.00021834726338650396, ""path_smooth"": 0.0, ""extra_trees"": false, ""random_state"": 42, ""n_jobs"": -1, ""verbosity"": -1, ""objective"": ""binary"", ""metric"": ""auc""}"
lgb,gender,222,0.872570,21.11,"{""n_estimators"": 2400, ""learning_rate"": 0.03663622406086179, ""num_leaves"": 63, ""max_depth"": 12, ""min_child_samples"": 2, ""feature_fraction"": 0.9, ""bagging_fraction"": 0.8, ""bagging_freq"": 5, ""reg_alpha"": 0.0001431166276589632, ""reg_lambda"": 0.5477881272999773, ""min_split_gain"": 0.0011674475541695781, ""path_smooth"": 0.0, ""extra_trees"": true, ""random_state"": 42, ""n_jobs"": -1, ""verbosity"": -1, ""objective"": ""binary"", ""metric"": ""auc""}"
lgb,gender,223,0.843063,7.88,"{""n_estimators"": 400, ""learning_rate"": 0.01763177900113566, ""num_leaves"": 191, ""max_depth"": 9, ""min_child_samples"": 120, ""feature_fraction"": 0.8, ""bagging_fraction"": 0.9, ""bagging_freq"": 5, ""reg_alpha"": 0.020355865564985542, ""reg_lambda"": 0.19712367169974387, ""min_split_gain"": 0.17138282548317638, ""path_smooth"": 0.1, ""extra_trees"": true, ""random_state"": 42, ""n_jobs"": -1, ""verbosity"": -1, ""objective"": ""binary"", ""metric"": ""auc""}"
lgb,gender,224,0.871215,10.29,"{""n_estimators"": 1200, ""learning_rate"": 0.07211752307714313, ""num_leaves"": 95, ""max_depth"": 9, ""min_child_samples"": 20, ""feature_fraction"": 0.4, ""bagging_fraction"": 0.8, ""bagging_freq"": 1, ""reg_alpha"": 0.3822889956900423, ""reg_lambda"": 0.0232785338229585, ""min_split_gain"": 0.1291118463674572, ""path_smooth"": 0.1, ""extra_trees"": false, ""random_state"": 42, ""n_jobs"": -1, ""verbosity"": -1, ""objective"": ""binary"", ""metric"": ""auc""}"
lgb,gender,225,0.863915,23.27,"{""n_estimators"": 5000, ""learning_rate"": 0.05750555197106375, ""num_leaves"": 23, ""max_depth"": 16, ""min_child_samples"": 5, ""feature_fraction"": 1.0, ""bagging_fraction"": 0.8, ""bagging_freq"": 5, ""reg_alpha"": 1.6304324482661352, ""reg_lambda"": 0.09289193021599347, ""min_split_gain"": 0.0023809658536212094, ""path_smooth"": 0.0, ""extra_trees"": false, ""random_state"": 42, ""n_jobs"": -1, ""verbosity"": -1, ""objective"": ""binary"", ""metric"": ""auc""}"
lgb,gender,226,0.786960,2.68,"{""n_estimators"": 400, ""learning_rate"": 0.0031423525331020483, ""num_leaves"": 95, ""max_depth"": 4, ""min_child_samples"": 2, ""feature_fraction"": 0.4, ""bagging_fraction"": 0.6, ""bagging_freq"": 10, ""reg_alpha"": 0.8866110524527133, ""reg_lambda"": 2.968020688010934, ""min_split_gain"": 0.03846456149323968, ""path_smooth"": 0.0, ""extra_trees"": true, ""random_state"": 42, ""n_jobs"": -1, ""verbosity"": -1, ""objective"": ""binary"", ""metric"": ""auc""}"
lgb,gender,227,0.869610,21.05,"{""n_estimators"": 2400, ""learning_rate"": 0.04337666878479382, ""num_leaves"": 23, ""max_depth"": 5, ""min_child_samples"": 2, ""feature_fraction"": 0.7, ""bagging_fraction"": 0.8, ""bagging_freq"": 0, ""reg_alpha"": 2.1083385840244206, ""reg_lambda"": 0.006218204443710724, ""min_split_gain"": 0.0018250246341645585, ""path_smooth"": 0.0, ""extra_trees"": false, ""random_state"": 42, ""n_jobs"": -1, ""verbosity"": -1, ""objective"": ""binary"", ""metric"": ""auc""}"
lgb,gender,228,0.870248,20.88,"{""n_estimators"": 3500, ""learning_rate"": 0.02648003576051497, ""num_leaves"": 47, ""max_depth"": 7, ""min_child_samples"": 40, ""feature_fraction"": 0.4, ""bagging_fraction"": 0.9, ""bagging_freq"": 3, ""reg_alpha"": 0.0003520474150308356, ""reg_lambda"": 0.0014047139894336218, ""min_split_gain"": 0.003542299929347589, ""path_smooth"": 0.0, ""extra_trees"": true, ""random_state"": 42, ""n_jobs"": -1, ""verbosity"": -1, ""objective"": ""binary"", ""metric"": ""auc""}"
lgb,gender,229,0.863884,125.35,"{""n_estimators"": 5000, ""learning_rate"": 0.004133018611695662, ""num_leaves"": 23, ""max_depth"": 7, ""min_child_samples"": 40, ""feature_fraction"": 0.5, ""bagging_fraction"": 0.8, ""bagging_freq"": 0, ""reg_alpha"": 3.187862151032609, ""reg_lambda"": 2.7702908357251417, ""min_split_gain"": 0.12407699360663133, ""path_smooth"": 0.1, ""extra_trees"": false, ""random_state"": 42, ""n_jobs"": -1, ""verbosity"": -1, ""objective"": ""binary"", ""metric"": ""auc""}"
lgb,gender,230,0.852918,11.11,"{""n_estimators"": 800, ""learning_rate"": 0.03590994544478837, ""num_leaves"": 47, ""max_depth"": 5, ""min_child_samples"": 40, ""feature_fraction"": 1.0, ""bagging_fraction"": 0.5, ""bagging_freq"": 10, ""reg_alpha"": 0.2373190854414179, ""reg_lambda"": 3.2439718760609937, ""min_split_gain"": 0.0009067906663008149, ""path_smooth"": 0.0, ""extra_trees"": true, ""random_state"": 42, ""n_jobs"": -1, ""verbosity"": -1, ""objective"": ""binary"", ""metric"": ""auc""}"
lgb,gender,231,0.873971,22.78,"{""n_estimators"": 800, ""learning_rate"": 0.033712266874666254, ""num_leaves"": 95, ""max_depth"": -1, ""min_child_samples"": 20, ""feature_fraction"": 0.4, ""bagging_fraction"": 0.8, ""bagging_freq"": 5, ""reg_alpha"": 0.00034807023208435805, ""reg_lambda"": 0.20771098344311648, ""min_split_gain"": 0.12441455689644006, ""path_smooth"": 1.0, ""extra_trees"": false, ""random_state"": 42, ""n_jobs"": -1, ""verbosity"": -1, ""objective"": ""binary"", ""metric"": ""auc""}"
lgb,gender,232,0.869009,22.93,"{""n_estimators"": 3500, ""learning_rate"": 0.03991111189587367, ""num_leaves"": 31, ""max_depth"": 7, ""min_child_samples"": 20, ""feature_fraction"": 0.9, ""bagging_fraction"": 0.5, ""bagging_freq"": 1, ""reg_alpha"": 0.5400322760806009, ""reg_lambda"": 0.10285481685200577, ""min_split_gain"": 0.09712586104227171, ""path_smooth"": 1.0, ""extra_trees"": false, ""random_state"": 42, ""n_jobs"": -1, ""verbosity"": -1, ""objective"": ""binary"", ""metric"": ""auc""}"
lgb,gender,233,0.851190,13.69,"{""n_estimators"": 5000, ""learning_rate"": 0.033878378139955666, ""num_leaves"": 255, ""max_depth"": 9, ""min_child_samples"": 200, ""feature_fraction"": 1.0, ""bagging_fraction"": 0.6, ""bagging_freq"": 10, ""reg_alpha"": 2.140306302216368, ""reg_lambda"": 0.0003027514811791408, ""min_split_gain"": 0.0007009911660014204, ""path_smooth"": 0.0, ""extra_trees"": false, ""random_state"": 42, ""n_jobs"": -1, ""verbosity"": -1, ""objective"": ""binary"", ""metric"": ""auc""}"
lgb,gender,234,0.845132,11.25,"{""n_estimators"": 1200, ""learning_rate"": 0.02382811676244838, ""num_leaves"": 23, ""max_depth"": 5, ""min_child_samples"": 80, ""feature_fraction"": 0.5, ""bagging_fraction"": 0.5, ""bagging_freq"": 7, ""reg_alpha"": 0.0034856808122424796, ""reg_lambda"": 0.012304306686829821, ""min_split_gain"": 0.11470662222543213, ""path_smooth"": 1.0, ""extra_trees"": true, ""random_state"": 42, ""n_jobs"": -1, ""verbosity"": -1, ""objective"": ""binary"", ""metric"": ""auc""}"
lgb,gender,235,0.874702,127.33,"{""n_estimators"": 5000, ""learning_rate"": 0.004787238619819464, ""num_leaves"": 95, ""max_depth"": 12, ""min_child_samples"": 2, ""feature_fraction"": 0.5, ""bagging_fraction"": 0.9, ""bagging_freq"": 5, ""reg_alpha"": 0.3597852628009113, ""reg_lambda"": 0.8611681841233775, ""min_split_gain"": 0.10225912907586468, ""path_smooth"": 0.0, ""extra_trees"": false, ""random_state"": 42, ""n_jobs"": -1, ""verbosity"": -1, ""objective"": ""binary"", ""metric"": ""auc""}"
lgb,gender,236,0.869313,39.58,"{""n_estimators"": 1600, ""learning_rate"": 0.015053212515188739, ""num_leaves"": 191, ""max_depth"": 16, ""min_child_samples"": 20, ""feature_fraction"": 0.7, ""bagging_fraction"": 0.7, ""bagging_freq"": 3, ""reg_alpha"": 0.00031929138030646945, ""reg_lambda"": 4.268525135181504, ""min_split_gain"": 0.00033221014754751765, ""path_smooth"": 0.0, ""extra_trees"": true, ""random_state"": 42, ""n_jobs"": -1, ""verbosity"": -1, ""objective"": ""binary"", ""metric"": ""auc""}"
lgb,gender,237,0.827721,9.44,"{""n_estimators"": 400, ""learning_rate"": 0.007843421512638966, ""num_leaves"": 15, ""max_depth"": -1, ""min_child_samples"": 3, ""feature_fraction"": 0.5, ""bagging_fraction"": 1.0, ""bagging_freq"": 7, ""reg_alpha"": 0.0023526624083478427, ""reg_lambda"": 0.00041278730919898094, ""min_split_gain"": 0.04072596481617536, ""path_smooth"": 0.0, ""extra_trees"": true, ""random_state"": 42, ""n_jobs"": -1, ""verbosity"": -1, ""objective"": ""binary"", ""metric"": ""auc""}"
lgb,gender,238,0.870676,23.50,"{""n_estimators"": 800, ""learning_rate"": 0.06521002879435552, ""num_leaves"": 127, ""max_depth"": 9, ""min_child_samples"": 20, ""feature_fraction"": 1.0, ""bagging_fraction"": 0.7, ""bagging_freq"": 3, ""reg_alpha"": 0.0005057846289648146, ""reg_lambda"": 0.04194367865907752, ""min_split_gain"": 0.026199795289334245, ""path_smooth"": 0.0, ""extra_trees"": false, ""random_state"": 42, ""n_jobs"": -1, ""verbosity"": -1, ""objective"": ""binary"", ""metric"": ""auc""}"
lgb,gender,239,0.833786,39.79,"{""n_estimators"": 5000, ""learning_rate"": 0.006490057377154833, ""num_leaves"": 63, ""max_depth"": 4, ""min_child_samples"": 5, ""feature_fraction"": 0.5, ""bagging_fraction"": 1.0, ""bagging_freq"": 1, ""reg_alpha"": 0.0011239247065403155, ""reg_lambda"": 0.00209202195911255, ""min_split_gain"": 0.0151887999504012, ""path_smooth"": 1.0, ""extra_trees"": true, ""random_state"": 42, ""n_jobs"": -1, ""verbosity"": -1, ""objective"": ""binary"", ""metric"": ""auc""}"
lgb,gender,240,0.869700,71.68,"{""n_estimators"": 1200, ""learning_rate"": 0.007410745906940133, ""num_leaves"": 63, ""max_depth"": 12, ""min_child_samples"": 20, ""feature_fraction"": 0.8, ""bagging_fraction"": 1.0, ""bagging_freq"": 10, ""reg_alpha"": 1.288932880092039, ""reg_lambda"": 1.0814066194075995, ""min_split_gain"": 0.0001058622198880031, ""path_smooth"": 0.0, ""extra_trees"": false, ""random_state"": 42, ""n_jobs"": -1, ""verbosity"": -1, ""objective"": ""binary"", ""metric"": ""auc""}"
lgb,gender,241,0.862481,68.33,"{""n_estimators"": 3500, ""learning_rate"": 0.0035797876756386215, ""num_leaves"": 47, ""max_depth"": 6, ""min_child_samples"": 20, ""feature_fraction"": 0.5, ""bagging_fraction"": 0.7, ""bagging_freq"": 5, ""reg_alpha"": 0.0019122342198715986, ""reg_lambda"": 0.06275551749353919, ""min_split_gain"": 0.02050007958716542, ""path_smooth"": 0.0, ""extra_trees"": true, ""random_state"": 42, ""n_jobs"": -1, ""verbosity"": -1, ""objective"": ""binary"", ""metric"": ""auc""}"
lgb,gender,242,0.862729,29.61,"{""n_estimators"": 3500, ""learning_rate"": 0.026594744726012552, ""num_leaves"": 255, ""max_depth"": 12, ""min_child_samples"": 200, ""feature_fraction"": 1.0, ""bagging_fraction"": 0.7, ""bagging_freq"": 1, ""reg_alpha"": 0.7598062716198338, ""reg_lambda"": 3.983933513751807, ""min_split_gain"": 0.09199205500881714, ""path_smooth"": 0.1, ""extra_trees"": false, ""random_state"": 42, ""n_jobs"": -1, ""verbosity"": -1, ""objective"": ""binary"", ""metric"": ""auc""}"
lgb,gender,243,0.810052,11.41,"{""n_estimators"": 400, ""learning_rate"": 0.004228377306279364, ""num_leaves"": 63, ""max_depth"": 7, ""min_child_samples"": 80, ""feature_fraction"": 0.5, ""bagging_fraction"": 0.7, ""bagging_freq"": 7, ""reg_alpha"": 0.0008329465686318213, ""reg_lambda"": 5.420271969309091, ""min_split_gain"": 0.00018029381870936228, ""path_smooth"": 0.1, ""extra_trees"": false, ""random_state"": 42, ""n_jobs"": -1, ""verbosity"": -1, ""objective"": ""binary"", ""metric"": ""auc""}"
lgb,gender,244,0.869893,24.98,"{""n_estimators"": 2400, ""learning_rate"": 0.027990919176401913, ""num_leaves"": 63, ""max_depth"": 7, ""min_child_samples"": 20, ""feature_fraction"": 0.6, ""bagging_fraction"": 0.7, ""bagging_freq"": 1, ""reg_alpha"": 0.6348373884821851, ""reg_lambda"": 0.06208880607614624, ""min_split_gain"": 0.15518763247491016, ""path_smooth"": 1.0, ""extra_trees"": false, ""random_state"": 42, ""n_jobs"": -1, ""verbosity"": -1, ""objective"": ""binary"", ""metric"": ""auc""}"
lgb,gender,245,0.861406,18.50,"{""n_estimators"": 800, ""learning_rate"": 0.02217705553963877, ""num_leaves"": 383, ""max_depth"": 5, ""min_child_samples"": 80, ""feature_fraction"": 0.4, ""bagging_fraction"": 0.6, ""bagging_freq"": 3, ""reg_alpha"": 1.588167260352957, ""reg_lambda"": 0.12976074550082262, ""min_split_gain"": 0.0004486299618873269, ""path_smooth"": 1.0, ""extra_trees"": false, ""random_state"": 42, ""n_jobs"": -1, ""verbosity"": -1, ""objective"": ""binary"", ""metric"": ""auc""}"
lgb,gender,246,0.868246,17.24,"{""n_estimators"": 3500, ""learning_rate"": 0.044174080193514854, ""num_leaves"": 47, ""max_depth"": 16, ""min_child_samples"": 10, ""feature_fraction"": 0.7, ""bagging_fraction"": 0.9, ""bagging_freq"": 5, ""reg_alpha"": 0.0009425454635772362, ""reg_lambda"": 0.07489178578805547, ""min_split_gain"": 0.0226820123331742, ""path_smooth"": 0.1, ""extra_trees"": true, ""random_state"": 42, ""n_jobs"": -1, ""verbosity"": -1, ""objective"": ""binary"", ""metric"": ""auc""}"
lgb,gender,247,0.865796,12.71,"{""n_estimators"": 600, ""learning_rate"": 0.054689657457839894, ""num_leaves"": 255, ""max_depth"": 9, ""min_child_samples"": 40, ""feature_fraction"": 0.6, ""bagging_fraction"": 1.0, ""bagging_freq"": 5, ""reg_alpha"": 0.21090709521185302, ""reg_lambda"": 0.8128574840003933, ""min_split_gain"": 0.0018995889860162916, ""path_smooth"": 0.0, ""extra_trees"": true, ""random_state"": 42, ""n_jobs"": -1, ""verbosity"": -1, ""objective"": ""binary"", ""metric"": ""auc""}"
lgb,gender,248,0.859011,24.38,"{""n_estimators"": 800, ""learning_rate"": 0.009934024869777886, ""num_leaves"": 23, ""max_depth"": 9, ""min_child_samples"": 20, ""feature_fraction"": 0.5, ""bagging_fraction"": 0.7, ""bagging_freq"": 0, ""reg_alpha"": 0.02304953538364253, ""reg_lambda"": 0.014418392172025452, ""min_split_gain"": 0.010033535337828112, ""path_smooth"": 0.0, ""extra_trees"": false, ""random_state"": 42, ""n_jobs"": -1, ""verbosity"": -1, ""objective"": ""binary"", ""metric"": ""auc""}"
lgb,gender,249,0.869174,43.21,"{""n_estimators"": 1600, ""learning_rate"": 0.017908443910216964, ""num_leaves"": 383, ""max_depth"": 5, ""min_child_samples"": 3, ""feature_fraction"": 0.7, ""bagging_fraction"": 0.9, ""bagging_freq"": 5, ""reg_alpha"": 0.013063269199186643, ""reg_lambda"": 0.19001310075583358, ""min_split_gain"": 0.10178771394855092, ""path_smooth"": 0.1, ""extra_trees"": false, ""random_state"": 42, ""n_jobs"": -1, ""verbosity"": -1, ""objective"": ""binary"", ""metric"": ""auc""}"
lgb,gender,250,0.872214,27.47,"{""n_estimators"": 5000, ""learning_rate"": 0.01669886221279398, ""num_leaves"": 95, ""max_depth"": 6, ""min_child_samples"": 3, ""feature_fraction"": 0.9, ""bagging_fraction"": 0.6, ""bagging_freq"": 0, ""reg_alpha"": 0.00029915239955938163, ""reg_lambda"": 0.011863543209061408, ""min_split_gain"": 0.028700438761652052, ""path_smooth"": 0.0, ""extra_trees"": true, ""random_state"": 42, ""n_jobs"": -1, ""verbosity"": -1, ""objective"": ""binary"", ""metric"": ""auc""}"
lgb,gender,251,0.846521,6.47,"{""n_estimators"": 400, ""learning_rate"": 0.04606164117444332, ""num_leaves"": 127, ""max_depth"": -1, ""min_child_samples"": 120, ""feature_fraction"": 0.5, ""bagging_fraction"": 0.6, ""bagging_freq"": 5, ""reg_alpha"": 0.4963374893001244, ""reg_lambda"": 0.06737612163018024, ""min_split_gain"": 0.002312033323587217, ""path_smooth"": 0.1, ""extra_trees"": true, ""random_state"": 42, ""n_jobs"": -1, ""verbosity"": -1, ""objective"": ""binary"", ""metric"": ""auc""}"
lgb,gender,252,0.797832,7.48,"{""n_estimators"": 400, ""learning_rate"": 0.004223306608421541, ""num_leaves"": 47, ""max_depth"": 7, ""min_child_samples"": 5, ""feature_fraction"": 0.9, ""bagging_fraction"": 1.0, ""bagging_freq"": 10, ""reg_alpha"": 1.0609113659771898, ""reg_lambda"": 2.637670723849492, ""min_split_gain"": 0.0006060738726010287, ""path_smooth"": 1.0, ""extra_trees"": true, ""random_state"": 42, ""n_jobs"": -1, ""verbosity"": -1, ""objective"": ""binary"", ""metric"": ""auc""}"
lgb,gender,253,0.809766,17.76,"{""n_estimators"": 1200, ""learning_rate"": 0.0032378493963590603, ""num_leaves"": 95, ""max_depth"": 16, ""min_child_samples"": 80, ""feature_fraction"": 0.7, ""bagging_fraction"": 0.5, ""bagging_freq"": 0, ""reg_alpha"": 2.774118875096734, ""reg_lambda"": 1.125829243121059, ""min_split_gain"": 0.001672848383088619, ""path_smooth"": 0.1, ""extra_trees"": true, ""random_state"": 42, ""n_jobs"": -1, ""verbosity"": -1, ""objective"": ""binary"", ""metric"": ""auc""}"
lgb,gender,254,0.857450,81.99,"{""n_estimators"": 3500, ""learning_rate"": 0.0038609637460811854, ""num_leaves"": 15, ""max_depth"": 12, ""min_child_samples"": 80, ""feature_fraction"": 0.8, ""bagging_fraction"": 0.9, ""bagging_freq"": 10, ""reg_alpha"": 0.012104018315946105, ""reg_lambda"": 0.010719027022404674, ""min_split_gain"": 0.003940942347721883, ""path_smooth"": 0.0, ""extra_trees"": false, ""random_state"": 42, ""n_jobs"": -1, ""verbosity"": -1, ""objective"": ""binary"", ""metric"": ""auc""}"
lgb,gender,255,0.844506,13.47,"{""n_estimators"": 3500, ""learning_rate"": 0.03139048572962748, ""num_leaves"": 95, ""max_depth"": 16, ""min_child_samples"": 200, ""feature_fraction"": 0.8, ""bagging_fraction"": 0.5, ""bagging_freq"": 10, ""reg_alpha"": 0.834240786997182, ""reg_lambda"": 0.00031037598043499035, ""min_split_gain"": 0.0056176556311672435, ""path_smooth"": 0.0, ""extra_trees"": true, ""random_state"": 42, ""n_jobs"": -1, ""verbosity"": -1, ""objective"": ""binary"", ""metric"": ""auc""}"
lgb,gender,256,0.818623,24.32,"{""n_estimators"": 1600, ""learning_rate"": 0.0056294745722903754, ""num_leaves"": 15, ""max_depth"": 16, ""min_child_samples"": 5, ""feature_fraction"": 0.9, ""bagging_fraction"": 0.8, ""bagging_freq"": 10, ""reg_alpha"": 1.2136559598745988, ""reg_lambda"": 0.06390999512764507, ""min_split_gain"": 0.007968571094995413, ""path_smooth"": 0.0, ""extra_trees"": true, ""random_state"": 42, ""n_jobs"": -1, ""verbosity"": -1, ""objective"": ""binary"", ""metric"": ""auc""}"
lgb,gender,257,0.845497,13.56,"{""n_estimators"": 600, ""learning_rate"": 0.012799939200884944, ""num_leaves"": 15, ""max_depth"": 4, ""min_child_samples"": 5, ""feature_fraction"": 0.8, ""bagging_fraction"": 0.5, ""bagging_freq"": 3, ""reg_alpha"": 0.0014722485866461165, ""reg_lambda"": 5.997924320064012, ""min_split_gain"": 0.004713086057739566, ""path_smooth"": 0.0, ""extra_trees"": false, ""random_state"": 42, ""n_jobs"": -1, ""verbosity"": -1, ""objective"": ""binary"", ""metric"": ""auc""}"
lgb,gender,258,0.861156,18.69,"{""n_estimators"": 1200, ""learning_rate"": 0.05970054253020372, ""num_leaves"": 23, ""max_depth"": 6, ""min_child_samples"": 200, ""feature_fraction"": 1.0, ""bagging_fraction"": 0.8, ""bagging_freq"": 1, ""reg_alpha"": 0.7362601879053318, ""reg_lambda"": 0.04981960630425918, ""min_split_gain"": 0.11736397284709155, ""path_smooth"": 0.1, ""extra_trees"": false, ""random_state"": 42, ""n_jobs"": -1, ""verbosity"": -1, ""objective"": ""binary"", ""metric"": ""auc""}"
lgb,gender,259,0.868310,18.89,"{""n_estimators"": 1200, ""learning_rate"": 0.027165029854237032, ""num_leaves"": 127, ""max_depth"": 6, ""min_child_samples"": 40, ""feature_fraction"": 0.4, ""bagging_fraction"": 0.7, ""bagging_freq"": 0, ""reg_alpha"": 1.971297568481362, ""reg_lambda"": 0.6984755150173391, ""min_split_gain"": 0.18298767064736313, ""path_smooth"": 0.0, ""extra_trees"": false, ""random_state"": 42, ""n_jobs"": -1, ""verbosity"": -1, ""objective"": ""binary"", ""metric"": ""auc""}"
lgb,gender,260,0.862126,11.41,"{""n_estimators"": 800, ""learning_rate"": 0.06149291950846344, ""num_leaves"": 255, ""max_depth"": 9, ""min_child_samples"": 120, ""feature_fraction"": 0.8, ""bagging_fraction"": 0.9, ""bagging_freq"": 10, ""reg_alpha"": 0.02733691051259634, ""reg_lambda"": 0.02243757416108536, ""min_split_gain"": 0.00025049923300072326, ""path_smooth"": 0.0, ""extra_trees"": true, ""random_state"": 42, ""n_jobs"": -1, ""verbosity"": -1, ""objective"": ""binary"", ""metric"": ""auc""}"
lgb,gender,261,0.852508,9.50,"{""n_estimators"": 400, ""learning_rate"": 0.0336762329949747, ""num_leaves"": 191, ""max_depth"": 12, ""min_child_samples"": 120, ""feature_fraction"": 0.8, ""bagging_fraction"": 0.5, ""bagging_freq"": 10, ""reg_alpha"": 0.23281227253358666, ""reg_lambda"": 0.5697158633493263, ""min_split_gain"": 0.05842364469722094, ""path_smooth"": 0.0, ""extra_trees"": false, ""random_state"": 42, ""n_jobs"": -1, ""verbosity"": -1, ""objective"": ""binary"", ""metric"": ""auc""}"
lgb,gender,262,0.853340,41.75,"{""n_estimators"": 3500, ""learning_rate"": 0.006160057670617883, ""num_leaves"": 23, ""max_depth"": 16, ""min_child_samples"": 80, ""feature_fraction"": 1.0, ""bagging_fraction"": 0.6, ""bagging_freq"": 7, ""reg_alpha"": 0.002926409294376674, ""reg_lambda"": 0.006971924324920281, ""min_split_gain"": 0.05301361666968818, ""path_smooth"": 0.0, ""extra_trees"": false, ""random_state"": 42, ""n_jobs"": -1, ""verbosity"": -1, ""objective"": ""binary"", ""metric"": ""auc""}"
lgb,gender,263,0.867898,67.48,"{""n_estimators"": 800, ""learning_rate"": 0.006815643015595941, ""num_leaves"": 191, ""max_depth"": 7, ""min_child_samples"": 3, ""feature_fraction"": 1.0, ""bagging_fraction"": 0.8, ""bagging_freq"": 7, ""reg_alpha"": 0.03790676105021279, ""reg_lambda"": 0.009701519389153179, ""min_split_gain"": 0.0001605580627738379, ""path_smooth"": 0.0, ""extra_trees"": false, ""random_state"": 42, ""n_jobs"": -1, ""verbosity"": -1, ""objective"": ""binary"", ""metric"": ""auc""}"
lgb,gender,264,0.859158,23.69,"{""n_estimators"": 1200, ""learning_rate"": 0.01269217582535843, ""num_leaves"": 63, ""max_depth"": 4, ""min_child_samples"": 5, ""feature_fraction"": 0.6, ""bagging_fraction"": 0.7, ""bagging_freq"": 1, ""reg_alpha"": 0.00015835310076671438, ""reg_lambda"": 0.30750094225856944, ""min_split_gain"": 0.00045502997156806257, ""path_smooth"": 0.0, ""extra_trees"": false, ""random_state"": 42, ""n_jobs"": -1, ""verbosity"": -1, ""objective"": ""binary"", ""metric"": ""auc""}"
lgb,gender,265,0.844155,10.44,"{""n_estimators"": 1200, ""learning_rate"": 0.02981749996106697, ""num_leaves"": 31, ""max_depth"": 4, ""min_child_samples"": 200, ""feature_fraction"": 0.5, ""bagging_fraction"": 0.5, ""bagging_freq"": 7, ""reg_alpha"": 0.020077829564668904, ""reg_lambda"": 0.007098773921790633, ""min_split_gain"": 0.016756297969813004, ""path_smooth"": 0.0, ""extra_trees"": false, ""random_state"": 42, ""n_jobs"": -1, ""verbosity"": -1, ""objective"": ""binary"", ""metric"": ""auc""}"
lgb,gender,266,0.845653,37.23,"{""n_estimators"": 2400, ""learning_rate"": 0.006084956819817802, ""num_leaves"": 95, ""max_depth"": 4, ""min_child_samples"": 2, ""feature_fraction"": 0.8, ""bagging_fraction"": 0.8, ""bagging_freq"": 7, ""reg_alpha"": 3.7976225921306153, ""reg_lambda"": 0.01242066212780457, ""min_split_gain"": 0.0005810351482595876, ""path_smooth"": 0.0, ""extra_trees"": true, ""random_state"": 42, ""n_jobs"": -1, ""verbosity"": -1, ""objective"": ""binary"", ""metric"": ""auc""}"
lgb,gender,267,0.869609,41.75,"{""n_estimators"": 1600, ""learning_rate"": 0.01622445407012903, ""num_leaves"": 23, ""max_depth"": 6, ""min_child_samples"": 3, ""feature_fraction"": 0.7, ""bagging_fraction"": 0.9, ""bagging_freq"": 5, ""reg_alpha"": 0.062390480466069625, ""reg_lambda"": 0.0005309271437769935, ""min_split_gain"": 0.00011195039594746379, ""path_smooth"": 0.0, ""extra_trees"": false, ""random_state"": 42, ""n_jobs"": -1, ""verbosity"": -1, ""objective"": ""binary"", ""metric"": ""auc""}"
lgb,gender,268,0.854828,70.88,"{""n_estimators"": 2400, ""learning_rate"": 0.004880163065301334, ""num_leaves"": 15, ""max_depth"": 5, ""min_child_samples"": 80, ""feature_fraction"": 1.0, ""bagging_fraction"": 0.6, ""bagging_freq"": 1, ""reg_alpha"": 0.034508369452696565, ""reg_lambda"": 0.24155395522422995, ""min_split_gain"": 0.00027431966367567635, ""path_smooth"": 1.0, ""extra_trees"": false, ""random_state"": 42, ""n_jobs"": -1, ""verbosity"": -1, ""objective"": ""binary"", ""metric"": ""auc""}"
lgb,gender,269,0.863398,55.79,"{""n_estimators"": 2400, ""learning_rate"": 0.011429713663934176, ""num_leaves"": 23, ""max_depth"": 7, ""min_child_samples"": 10, ""feature_fraction"": 0.8, ""bagging_fraction"": 0.8, ""bagging_freq"": 7, ""reg_alpha"": 1.9973271510167145, ""reg_lambda"": 0.010479310883814973, ""min_split_gain"": 0.00010416291063169108, ""path_smooth"": 1.0, ""extra_trees"": false, ""random_state"": 42, ""n_jobs"": -1, ""verbosity"": -1, ""objective"": ""binary"", ""metric"": ""auc""}"
lgb,gender,270,0.860266,43.91,"{""n_estimators"": 3500, ""learning_rate"": 0.007538300285606548, ""num_leaves"": 31, ""max_depth"": 5, ""min_child_samples"": 20, ""feature_fraction"": 0.9, ""bagging_fraction"": 0.8, ""bagging_freq"": 7, ""reg_alpha"": 0.000517789004791609, ""reg_lambda"": 0.278815544780574, ""min_split_gain"": 0.00015765712224272152, ""path_smooth"": 0.0, ""extra_trees"": false, ""random_state"": 42, ""n_jobs"": -1, ""verbosity"": -1, ""objective"": ""binary"", ""metric"": ""auc""}"
lgb,gender,271,0.844953,17.87,"{""n_estimators"": 800, ""learning_rate"": 0.0106350165235691, ""num_leaves"": 383, ""max_depth"": 5, ""min_child_samples"": 200, ""feature_fraction"": 0.8, ""bagging_fraction"": 1.0, ""bagging_freq"": 10, ""reg_alpha"": 0.0029014584238779883, ""reg_lambda"": 1.4869258735768702, ""min_split_gain"": 0.0009043004189103094, ""path_smooth"": 0.0, ""extra_trees"": false, ""random_state"": 42, ""n_jobs"": -1, ""verbosity"": -1, ""objective"": ""binary"", ""metric"": ""auc""}"
lgb,gender,272,0.867001,69.09,"{""n_estimators"": 3500, ""learning_rate"": 0.007046275260203536, ""num_leaves"": 23, ""max_depth"": -1, ""min_child_samples"": 80, ""feature_fraction"": 0.4, ""bagging_fraction"": 0.7, ""bagging_freq"": 1, ""reg_alpha"": 0.2747946481351577, ""reg_lambda"": 0.8929554426462856, ""min_split_gain"": 0.011698814742312404, ""path_smooth"": 0.1, ""extra_trees"": false, ""random_state"": 42, ""n_jobs"": -1, ""verbosity"": -1, ""objective"": ""binary"", ""metric"": ""auc""}"
lgb,gender,273,0.859735,16.79,"{""n_estimators"": 2400, ""learning_rate"": 0.03449772052236894, ""num_leaves"": 31, ""max_depth"": 4, ""min_child_samples"": 40, ""feature_fraction"": 0.7, ""bagging_fraction"": 0.8, ""bagging_freq"": 0, ""reg_alpha"": 0.04468085198889709, ""reg_lambda"": 0.29274512473077124, ""min_split_gain"": 0.001313362455801433, ""path_smooth"": 1.0, ""extra_trees"": true, ""random_state"": 42, ""n_jobs"": -1, ""verbosity"": -1, ""objective"": ""binary"", ""metric"": ""auc""}"
lgb,gender,274,0.794360,14.69,"{""n_estimators"": 3500, ""learning_rate"": 0.006330822353534595, ""num_leaves"": 191, ""max_depth"": 5, ""min_child_samples"": 200, ""feature_fraction"": 0.4, ""bagging_fraction"": 0.6, ""bagging_freq"": 3, ""reg_alpha"": 0.0012064867798733568, ""reg_lambda"": 1.0806054865683694, ""min_split_gain"": 0.000285812351348869, ""path_smooth"": 0.0, ""extra_trees"": true, ""random_state"": 42, ""n_jobs"": -1, ""verbosity"": -1, ""objective"": ""binary"", ""metric"": ""auc""}"
lgb,gender,275,0.864753,13.78,"{""n_estimators"": 400, ""learning_rate"": 0.043880151627235395, ""num_leaves"": 191, ""max_depth"": 5, ""min_child_samples"": 5, ""feature_fraction"": 0.9, ""bagging_fraction"": 0.9, ""bagging_freq"": 0, ""reg_alpha"": 0.00441140713098718, ""reg_lambda"": 0.0005652786574031165, ""min_split_gain"": 0.01276597149685181, ""path_smooth"": 0.0, ""extra_trees"": false, ""random_state"": 42, ""n_jobs"": -1, ""verbosity"": -1, ""objective"": ""binary"", ""metric"": ""auc""}"
lgb,gender,276,0.870678,38.26,"{""n_estimators"": 1200, ""learning_rate"": 0.031420229402340766, ""num_leaves"": 31, ""max_depth"": 6, ""min_child_samples"": 5, ""feature_fraction"": 0.8, ""bagging_fraction"": 0.8, ""bagging_freq"": 3, ""reg_alpha"": 0.0008572474837722825, ""reg_lambda"": 3.937555272362254, ""min_split_gain"": 0.10517229792129093, ""path_smooth"": 0.1, ""extra_trees"": false, ""random_state"": 42, ""n_jobs"": -1, ""verbosity"": -1, ""objective"": ""binary"", ""metric"": ""auc""}"
lgb,gender,277,0.868150,32.72,"{""n_estimators"": 1200, ""learning_rate"": 0.033869978841680685, ""num_leaves"": 383, ""max_depth"": 9, ""min_child_samples"": 2, ""feature_fraction"": 1.0, ""bagging_fraction"": 0.8, ""bagging_freq"": 0, ""reg_alpha"": 0.6372575785751066, ""reg_lambda"": 9.715184742847397, ""min_split_gain"": 0.15666906548488513, ""path_smooth"": 0.0, ""extra_trees"": false, ""random_state"": 42, ""n_jobs"": -1, ""verbosity"": -1, ""objective"": ""binary"", ""metric"": ""auc""}"
lgb,gender,278,0.838168,16.42,"{""n_estimators"": 800, ""learning_rate"": 0.007215672818809105, ""num_leaves"": 191, ""max_depth"": 4, ""min_child_samples"": 120, ""feature_fraction"": 0.5, ""bagging_fraction"": 0.8, ""bagging_freq"": 1, ""reg_alpha"": 0.00028250411558661644, ""reg_lambda"": 0.04795262242028581, ""min_split_gain"": 0.0026874807062115358, ""path_smooth"": 0.1, ""extra_trees"": false, ""random_state"": 42, ""n_jobs"": -1, ""verbosity"": -1, ""objective"": ""binary"", ""metric"": ""auc""}"
lgb,gender,279,0.838840,7.34,"{""n_estimators"": 400, ""learning_rate"": 0.019716230736046034, ""num_leaves"": 63, ""max_depth"": 9, ""min_child_samples"": 80, ""feature_fraction"": 0.5, ""bagging_fraction"": 1.0, ""bagging_freq"": 0, ""reg_alpha"": 1.6200489785111867, ""reg_lambda"": 9.467816780007992, ""min_split_gain"": 0.0032883169901769906, ""path_smooth"": 1.0, ""extra_trees"": true, ""random_state"": 42, ""n_jobs"": -1, ""verbosity"": -1, ""objective"": ""binary"", ""metric"": ""auc""}"
lgb,gender,280,0.864083,11.24,"{""n_estimators"": 3500, ""learning_rate"": 0.07036508892866179, ""num_leaves"": 31, ""max_depth"": 5, ""min_child_samples"": 20, ""feature_fraction"": 0.8, ""bagging_fraction"": 0.7, ""bagging_freq"": 3, ""reg_alpha"": 0.011100014520107195, ""reg_lambda"": 0.0022868131077343565, ""min_split_gain"": 0.0013267472954048294, ""path_smooth"": 1.0, ""extra_trees"": true, ""random_state"": 42, ""n_jobs"": -1, ""verbosity"": -1, ""objective"": ""binary"", ""metric"": ""auc""}"
lgb,gender,281,0.868883,61.20,"{""n_estimators"": 2400, ""learning_rate"": 0.03252138198013627, ""num_leaves"": 95, ""max_depth"": -1, ""min_child_samples"": 20, ""feature_fraction"": 1.0, ""bagging_fraction"": 0.9, ""bagging_freq"": 0, ""reg_alpha"": 0.008514519258052938, ""reg_lambda"": 0.036397484789982705, ""min_split_gain"": 0.000486529465076124, ""path_smooth"": 0.0, ""extra_trees"": false, ""random_state"": 42, ""n_jobs"": -1, ""verbosity"": -1, ""objective"": ""binary"", ""metric"": ""auc""}"
lgb,gender,282,0.870498,47.72,"{""n_estimators"": 1600, ""learning_rate"": 0.006055624109004901, ""num_leaves"": 255, ""max_depth"": 6, ""min_child_samples"": 10, ""feature_fraction"": 0.4, ""bagging_fraction"": 0.7, ""bagging_freq"": 5, ""reg_alpha"": 0.0009321717567771274, ""reg_lambda"": 0.0723294683148279, ""min_split_gain"": 0.004181982644980199, ""path_smooth"": 0.0, ""extra_trees"": false, ""random_state"": 42, ""n_jobs"": -1, ""verbosity"": -1, ""objective"": ""binary"", ""metric"": ""auc""}"
lgb,gender,283,0.861361,21.81,"{""n_estimators"": 5000, ""learning_rate"": 0.060588578661101206, ""num_leaves"": 95, ""max_depth"": 5, ""min_child_samples"": 2, ""feature_fraction"": 1.0, ""bagging_fraction"": 0.5, ""bagging_freq"": 3, ""reg_alpha"": 0.0016607615351437223, ""reg_lambda"": 0.00020374687277594522, ""min_split_gain"": 0.00024753957923119265, ""path_smooth"": 1.0, ""extra_trees"": false, ""random_state"": 42, ""n_jobs"": -1, ""verbosity"": -1, ""objective"": ""binary"", ""metric"": ""auc""}"
lgb,gender,284,0.867259,23.93,"{""n_estimators"": 3500, ""learning_rate"": 0.017962721318422695, ""num_leaves"": 255, ""max_depth"": 5, ""min_child_samples"": 3, ""feature_fraction"": 0.6, ""bagging_fraction"": 0.6, ""bagging_freq"": 5, ""reg_alpha"": 0.007886598016827902, ""reg_lambda"": 0.012329529217709771, ""min_split_gain"": 0.2401004726855861, ""path_smooth"": 0.0, ""extra_trees"": false, ""random_state"": 42, ""n_jobs"": -1, ""verbosity"": -1, ""objective"": ""binary"", ""metric"": ""auc""}"
lgb,gender,285,0.869559,29.15,"{""n_estimators"": 3500, ""learning_rate"": 0.060275174622823495, ""num_leaves"": 383, ""max_depth"": 7, ""min_child_samples"": 20, ""feature_fraction"": 0.8, ""bagging_fraction"": 0.7, ""bagging_freq"": 0, ""reg_alpha"": 0.018210060221059077, ""reg_lambda"": 0.00038866937381548764, ""min_split_gain"": 0.00826480195252476, ""path_smooth"": 1.0, ""extra_trees"": false, ""random_state"": 42, ""n_jobs"": -1, ""verbosity"": -1, ""objective"": ""binary"", ""metric"": ""auc""}"
lgb,gender,286,0.866164,14.27,"{""n_estimators"": 5000, ""learning_rate"": 0.053589880117664974, ""num_leaves"": 95, ""max_depth"": 5, ""min_child_samples"": 40, ""feature_fraction"": 0.5, ""bagging_fraction"": 0.8, ""bagging_freq"": 3, ""reg_alpha"": 2.0861206655985116, ""reg_lambda"": 4.2644848082576825, ""min_split_gain"": 0.010428584434472603, ""path_smooth"": 0.0, ""extra_trees"": false, ""random_state"": 42, ""n_jobs"": -1, ""verbosity"": -1, ""objective"": ""binary"", ""metric"": ""auc""}"
lgb,gender,287,0.865830,17.61,"{""n_estimators"": 1600, ""learning_rate"": 0.04063720494884495, ""num_leaves"": 23, ""max_depth"": 7, ""min_child_samples"": 10, ""feature_fraction"": 0.5, ""bagging_fraction"": 0.9, ""bagging_freq"": 10, ""reg_alpha"": 0.004140807295252697, ""reg_lambda"": 1.352997079865544, ""min_split_gain"": 0.0002891075993550269, ""path_smooth"": 0.0, ""extra_trees"": false, ""random_state"": 42, ""n_jobs"": -1, ""verbosity"": -1, ""objective"": ""binary"", ""metric"": ""auc""}"
lgb,gender,288,0.865851,33.50,"{""n_estimators"": 400, ""learning_rate"": 0.014602929264832235, ""num_leaves"": 63, ""max_depth"": 7, ""min_child_samples"": 3, ""feature_fraction"": 0.9, ""bagging_fraction"": 0.7, ""bagging_freq"": 0, ""reg_alpha"": 0.060221675380874196, ""reg_lambda"": 2.097600421279942, ""min_split_gain"": 0.00033933749139202174, ""path_smooth"": 0.0, ""extra_trees"": false, ""random_state"": 42, ""n_jobs"": -1, ""verbosity"": -1, ""objective"": ""binary"", ""metric"": ""auc""}"
lgb,gender,289,0.865455,17.52,"{""n_estimators"": 600, ""learning_rate"": 0.02323244341609403, ""num_leaves"": 127, ""max_depth"": -1, ""min_child_samples"": 120, ""feature_fraction"": 0.5, ""bagging_fraction"": 0.9, ""bagging_freq"": 5, ""reg_alpha"": 0.07014416512903644, ""reg_lambda"": 6.212121422053548, ""min_split_gain"": 0.03954057573827812, ""path_smooth"": 0.0, ""extra_trees"": false, ""random_state"": 42, ""n_jobs"": -1, ""verbosity"": -1, ""objective"": ""binary"", ""metric"": ""auc""}"
lgb,gender,290,0.862233,24.30,"{""n_estimators"": 600, ""learning_rate"": 0.008842661146414911, ""num_leaves"": 255, ""max_depth"": 6, ""min_child_samples"": 2, ""feature_fraction"": 0.9, ""bagging_fraction"": 0.9, ""bagging_freq"": 0, ""reg_alpha"": 0.0002520511019637209, ""reg_lambda"": 0.042197885071381044, ""min_split_gain"": 0.0013394093328254985, ""path_smooth"": 0.1, ""extra_trees"": true, ""random_state"": 42, ""n_jobs"": -1, ""verbosity"": -1, ""objective"": ""binary"", ""metric"": ""auc""}"
lgb,gender,291,0.808363,12.97,"{""n_estimators"": 800, ""learning_rate"": 0.003259883026691057, ""num_leaves"": 95, ""max_depth"": 5, ""min_child_samples"": 40, ""feature_fraction"": 0.7, ""bagging_fraction"": 0.5, ""bagging_freq"": 0, ""reg_alpha"": 0.005726691839958678, ""reg_lambda"": 1.5347121748938324, ""min_split_gain"": 0.0001994083257920105, ""path_smooth"": 0.0, ""extra_trees"": true, ""random_state"": 42, ""n_jobs"": -1, ""verbosity"": -1, ""objective"": ""binary"", ""metric"": ""auc""}"
lgb,gender,292,0.851245,7.66,"{""n_estimators"": 1200, ""learning_rate"": 0.07432706970293597, ""num_leaves"": 23, ""max_depth"": 6, ""min_child_samples"": 120, ""feature_fraction"": 0.5, ""bagging_fraction"": 0.6, ""bagging_freq"": 3, ""reg_alpha"": 0.026429711390233424, ""reg_lambda"": 0.00016023708886699452, ""min_split_gain"": 0.0005253359879151978, ""path_smooth"": 0.1, ""extra_trees"": true, ""random_state"": 42, ""n_jobs"": -1, ""verbosity"": -1, ""objective"": ""binary"", ""metric"": ""auc""}"
lgb,gender,293,0.868141,130.94,"{""n_estimators"": 3500, ""learning_rate"": 0.004502233718355334, ""num_leaves"": 31, ""max_depth"": 12, ""min_child_samples"": 10, ""feature_fraction"": 0.7, ""bagging_fraction"": 0.6, ""bagging_freq"": 1, ""reg_alpha"": 0.00015208208076465532, ""reg_lambda"": 7.654901326856435, ""min_split_gain"": 0.045859846594092285, ""path_smooth"": 0.0, ""extra_trees"": false, ""random_state"": 42, ""n_jobs"": -1, ""verbosity"": -1, ""objective"": ""binary"", ""metric"": ""auc""}"
lgb,gender,294,0.870516,44.52,"{""n_estimators"": 5000, ""learning_rate"": 0.010960392388782637, ""num_leaves"": 31, ""max_depth"": 6, ""min_child_samples"": 2, ""feature_fraction"": 0.6, ""bagging_fraction"": 0.6, ""bagging_freq"": 1, ""reg_alpha"": 0.5029892140205907, ""reg_lambda"": 0.022490085007135993, ""min_split_gain"": 0.16941146717433295, ""path_smooth"": 0.0, ""extra_trees"": false, ""random_state"": 42, ""n_jobs"": -1, ""verbosity"": -1, ""objective"": ""binary"", ""metric"": ""auc""}"
lgb,gender,295,0.870691,89.55,"{""n_estimators"": 800, ""learning_rate"": 0.020067776974672134, ""num_leaves"": 127, ""max_depth"": 16, ""min_child_samples"": 10, ""feature_fraction"": 1.0, ""bagging_fraction"": 0.6, ""bagging_freq"": 0, ""reg_alpha"": 0.01876219675454798, ""reg_lambda"": 0.22468195226457446, ""min_split_gain"": 0.003360107087115019, ""path_smooth"": 0.0, ""extra_trees"": false, ""random_state"": 42, ""n_jobs"": -1, ""verbosity"": -1, ""objective"": ""binary"", ""metric"": ""auc""}"
lgb,gender,296,0.855265,59.68,"{""n_estimators"": 400, ""learning_rate"": 0.003534875236602772, ""num_leaves"": 255, ""max_depth"": -1, ""min_child_samples"": 3, ""feature_fraction"": 0.9, ""bagging_fraction"": 0.5, ""bagging_freq"": 3, ""reg_alpha"": 0.0018470183106258531, ""reg_lambda"": 1.070354798302884, ""min_split_gain"": 0.0009696505251451428, ""path_smooth"": 0.0, ""extra_trees"": false, ""random_state"": 42, ""n_jobs"": -1, ""verbosity"": -1, ""objective"": ""binary"", ""metric"": ""auc""}"
lgb,gender,297,0.867650,19.97,"{""n_estimators"": 2400, ""learning_rate"": 0.036453259764707244, ""num_leaves"": 31, ""max_depth"": 6, ""min_child_samples"": 20, ""feature_fraction"": 0.4, ""bagging_fraction"": 0.6, ""bagging_freq"": 3, ""reg_alpha"": 2.9975776934051783, ""reg_lambda"": 3.9974742944779327, ""min_split_gain"": 0.0022338133468611083, ""path_smooth"": 0.0, ""extra_trees"": false, ""random_state"": 42, ""n_jobs"": -1, ""verbosity"": -1, ""objective"": ""binary"", ""metric"": ""auc""}"
lgb,gender,298,0.867501,66.82,"{""n_estimators"": 2400, ""learning_rate"": 0.011411958457363015, ""num_leaves"": 15, ""max_depth"": 12, ""min_child_samples"": 2, ""feature_fraction"": 0.5, ""bagging_fraction"": 0.9, ""bagging_freq"": 3, ""reg_alpha"": 0.02880963166698115, ""reg_lambda"": 0.04208839682822277, ""min_split_gain"": 0.0001088573330976908, ""path_smooth"": 1.0, ""extra_trees"": false, ""random_state"": 42, ""n_jobs"": -1, ""verbosity"": -1, ""objective"": ""binary"", ""metric"": ""auc""}"
lgb,gender,299,0.861237,14.32,"{""n_estimators"": 800, ""learning_rate"": 0.03982501897758009, ""num_leaves"": 383, ""max_depth"": 12, ""min_child_samples"": 120, ""feature_fraction"": 0.4, ""bagging_fraction"": 0.6, ""bagging_freq"": 7, ""reg_alpha"": 0.004771677597596346, ""reg_lambda"": 0.00020013900911911297, ""min_split_gain"": 0.0072599348603388176, ""path_smooth"": 0.0, ""extra_trees"": false, ""random_state"": 42, ""n_jobs"": -1, ""verbosity"": -1, ""objective"": ""binary"", ""metric"": ""auc""}"
lgb,gender,300,0.852639,20.74,"{""n_estimators"": 1200, ""learning_rate"": 0.011693625872980331, ""num_leaves"": 63, ""max_depth"": 4, ""min_child_samples"": 2, ""feature_fraction"": 0.5, ""bagging_fraction"": 0.9, ""bagging_freq"": 3, ""reg_alpha"": 0.002931642731820113, ""reg_lambda"": 0.07467672293011679, ""min_split_gain"": 0.002213990131020013, ""path_smooth"": 0.0, ""extra_trees"": true, ""random_state"": 42, ""n_jobs"": -1, ""verbosity"": -1, ""objective"": ""binary"", ""metric"": ""auc""}"
xgb,gender,1,0.837778,18.08,"{""n_estimators"": 600, ""learning_rate"": 0.015428185164215635, ""max_depth"": 3, ""min_child_weight"": 8.658900008394294, ""subsample"": 0.8, ""colsample_bytree"": 0.6, ""colsample_bylevel"": 1.0, ""reg_alpha"": 0.002683389018614306, ""reg_lambda"": 0.0012957581554039572, ""gamma"": 0.1238964367541039, ""max_bin"": 256, ""tree_method"": ""hist"", ""random_state"": 42, ""n_jobs"": -1, ""verbosity"": 0, ""early_stopping_rounds"": 50, ""eval_metric"": ""auc"", ""objective"": ""binary:logistic""}"
xgb,gender,2,0.844039,65.03,"{""n_estimators"": 1600, ""learning_rate"": 0.008723418288878815, ""max_depth"": 3, ""min_child_weight"": 1.1671668488590567, ""subsample"": 0.6, ""colsample_bytree"": 0.5, ""colsample_bylevel"": 0.6, ""reg_alpha"": 0.9998799348568876, ""reg_lambda"": 0.00012570367711311876, ""gamma"": 0.03495729077812255, ""max_bin"": 512, ""tree_method"": ""hist"", ""random_state"": 42, ""n_jobs"": -1, ""verbosity"": 0, ""early_stopping_rounds"": 50, ""eval_metric"": ""auc"", ""objective"": ""binary:logistic""}"
xgb,gender,3,0.854569,57.96,"{""n_estimators"": 1600, ""learning_rate"": 0.004289620649667106, ""max_depth"": 6, ""min_child_weight"": 19.222600818955538, ""subsample"": 0.9, ""colsample_bytree"": 0.9, ""colsample_bylevel"": 0.8, ""reg_alpha"": 0.001581504229461854, ""reg_lambda"": 0.00039466691395664285, ""gamma"": 0.00024439811389033455, ""max_bin"": 128, ""tree_method"": ""hist"", ""random_state"": 42, ""n_jobs"": -1, ""verbosity"": 0, ""early_stopping_rounds"": 50, ""eval_metric"": ""auc"", ""objective"": ""binary:logistic""}"
xgb,gender,4,0.872469,109.83,"{""n_estimators"": 1600, ""learning_rate"": 0.013750275997998785, ""max_depth"": 6, ""min_child_weight"": 0.6352222201998075, ""subsample"": 0.6, ""colsample_bytree"": 1.0, ""colsample_bylevel"": 0.6, ""reg_alpha"": 0.25306826310070063, ""reg_lambda"": 0.15704695330500087, ""gamma"": 0.00011252816180599242, ""max_bin"": 512, ""tree_method"": ""hist"", ""random_state"": 42, ""n_jobs"": -1, ""verbosity"": 0, ""early_stopping_rounds"": 50, ""eval_metric"": ""auc"", ""objective"": ""binary:logistic""}"
xgb,gender,5,0.863514,39.53,"{""n_estimators"": 600, ""learning_rate"": 0.04337037561487557, ""max_depth"": 5, ""min_child_weight"": 1.6454385582716782, ""subsample"": 0.5, ""colsample_bytree"": 0.9, ""colsample_bylevel"": 0.8, ""reg_alpha"": 0.0004989290287934114, ""reg_lambda"": 0.013211027232980519, ""gamma"": 0.009182836894138407, ""max_bin"": 512, ""tree_method"": ""hist"", ""random_state"": 42, ""n_jobs"": -1, ""verbosity"": 0, ""early_stopping_rounds"": 50, ""eval_metric"": ""auc"", ""objective"": ""binary:logistic""}"
xgb,gender,6,0.865904,19.27,"{""n_estimators"": 1600, ""learning_rate"": 0.05904591359194056, ""max_depth"": 5, ""min_child_weight"": 1.3529026195497984, ""subsample"": 0.9, ""colsample_bytree"": 0.5, ""colsample_bylevel"": 1.0, ""reg_alpha"": 0.0005357789285345801, ""reg_lambda"": 0.33778209770717643, ""gamma"": 0.38981250098678194, ""max_bin"": 256, ""tree_method"": ""hist"", ""random_state"": 42, ""n_jobs"": -1, ""verbosity"": 0, ""early_stopping_rounds"": 50, ""eval_metric"": ""auc"", ""objective"": ""binary:logistic""}"
xgb,gender,7,0.861762,27.74,"{""n_estimators"": 1600, ""learning_rate"": 0.0731606386351809, ""max_depth"": 4, ""min_child_weight"": 3.654996333110494, ""subsample"": 0.8, ""colsample_bytree"": 0.6, ""colsample_bylevel"": 0.8, ""reg_alpha"": 0.0759523937607672, ""reg_lambda"": 0.035128966732367164, ""gamma"": 0.0006990939751318309, ""max_bin"": 512, ""tree_method"": ""hist"", ""random_state"": 42, ""n_jobs"": -1, ""verbosity"": 0, ""early_stopping_rounds"": 50, ""eval_metric"": ""auc"", ""objective"": ""binary:logistic""}"
xgb,gender,8,0.865952,109.51,"{""n_estimators"": 3500, ""learning_rate"": 0.011879188283305905, ""max_depth"": 6, ""min_child_weight"": 7.66804681573045, ""subsample"": 0.6, ""colsample_bytree"": 0.8, ""colsample_bylevel"": 0.8, ""reg_alpha"": 0.13248002598227013, ""reg_lambda"": 0.0016983609145476224, ""gamma"": 0.0007644018857439731, ""max_bin"": 512, ""tree_method"": ""hist"", ""random_state"": 42, ""n_jobs"": -1, ""verbosity"": 0, ""early_stopping_rounds"": 50, ""eval_metric"": ""auc"", ""objective"": ""binary:logistic""}"
xgb,gender,9,0.861932,20.09,"{""n_estimators"": 400, ""learning_rate"": 0.07966958395417088, ""max_depth"": 12, ""min_child_weight"": 8.010947163244701, ""subsample"": 0.6, ""colsample_bytree"": 0.7, ""colsample_bylevel"": 0.6, ""reg_alpha"": 0.002753791616818469, ""reg_lambda"": 0.004532698593354796, ""gamma"": 0.010637741371801299, ""max_bin"": 256, ""tree_method"": ""hist"", ""random_state"": 42, ""n_jobs"": -1, ""verbosity"": 0, ""early_stopping_rounds"": 50, ""eval_metric"": ""auc"", ""objective"": ""binary:logistic""}"
xgb,gender,10,0.860153,15.82,"{""n_estimators"": 800, ""learning_rate"": 0.03367516626687106, ""max_depth"": 4, ""min_child_weight"": 4.033530498283294, ""subsample"": 0.8, ""colsample_bytree"": 0.5, ""colsample_bylevel"": 1.0, ""reg_alpha"": 0.0002400803506170393, ""reg_lambda"": 0.008429632274681763, ""gamma"": 0.1480445145338792, ""max_bin"": 128, ""tree_method"": ""hist"", ""random_state"": 42, ""n_jobs"": -1, ""verbosity"": 0, ""early_stopping_rounds"": 50, ""eval_metric"": ""auc"", ""objective"": ""binary:logistic""}"
xgb,gender,11,0.869900,81.78,"{""n_estimators"": 1600, ""learning_rate"": 0.031690507422528214, ""max_depth"": 10, ""min_child_weight"": 1.142524523255994, ""subsample"": 0.6, ""colsample_bytree"": 0.6, ""colsample_bylevel"": 1.0, ""reg_alpha"": 0.00451542238285206, ""reg_lambda"": 0.0038301865551555597, ""gamma"": 0.25582190946439415, ""max_bin"": 512, ""tree_method"": ""hist"", ""random_state"": 42, ""n_jobs"": -1, ""verbosity"": 0, ""early_stopping_rounds"": 50, ""eval_metric"": ""auc"", ""objective"": ""binary:logistic""}"
xgb,gender,12,0.865032,26.42,"{""n_estimators"": 400, ""learning_rate"": 0.03552172580611254, ""max_depth"": 6, ""min_child_weight"": 8.562843305905309, ""subsample"": 0.9, ""colsample_bytree"": 0.9, ""colsample_bylevel"": 1.0, ""reg_alpha"": 0.01813967224578024, ""reg_lambda"": 3.4834049053181384, ""gamma"": 0.0005239119683692554, ""max_bin"": 256, ""tree_method"": ""hist"", ""random_state"": 42, ""n_jobs"": -1, ""verbosity"": 0, ""early_stopping_rounds"": 50, ""eval_metric"": ""auc"", ""objective"": ""binary:logistic""}"
xgb,gender,13,0.844166,22.32,"{""n_estimators"": 600, ""learning_rate"": 0.004408250984256135, ""max_depth"": 6, ""min_child_weight"": 7.128625445994322, ""subsample"": 0.7, ""colsample_bytree"": 0.4, ""colsample_bylevel"": 0.6, ""reg_alpha"": 0.03944515555291965, ""reg_lambda"": 2.124361296716858, ""gamma"": 0.08789076044165404, ""max_bin"": 128, ""tree_method"": ""hist"", ""random_state"": 42, ""n_jobs"": -1, ""verbosity"": 0, ""early_stopping_rounds"": 50, ""eval_metric"": ""auc"", ""objective"": ""binary:logistic""}"
xgb,gender,14,0.837070,26.27,"{""n_estimators"": 600, ""learning_rate"": 0.015307673331737465, ""max_depth"": 3, ""min_child_weight"": 0.7779487184839075, ""subsample"": 0.9, ""colsample_bytree"": 0.9, ""colsample_bylevel"": 0.6, ""reg_alpha"": 0.1640726785185153, ""reg_lambda"": 1.693897262147457, ""gamma"": 0.014191837250872726, ""max_bin"": 512, ""tree_method"": ""hist"", ""random_state"": 42, ""n_jobs"": -1, ""verbosity"": 0, ""early_stopping_rounds"": 50, ""eval_metric"": ""auc"", ""objective"": ""binary:logistic""}"
xgb,gender,15,0.871924,63.69,"{""n_estimators"": 2400, ""learning_rate"": 0.04104026269713573, ""max_depth"": 8, ""min_child_weight"": 1.3016534497144576, ""subsample"": 0.8, ""colsample_bytree"": 0.8, ""colsample_bylevel"": 1.0, ""reg_alpha"": 0.00010676191931625744, ""reg_lambda"": 0.020825941840384613, ""gamma"": 0.25470631016535056, ""max_bin"": 512, ""tree_method"": ""hist"", ""random_state"": 42, ""n_jobs"": -1, ""verbosity"": 0, ""early_stopping_rounds"": 50, ""eval_metric"": ""auc"", ""objective"": ""binary:logistic""}"
xgb,gender,16,0.861113,22.08,"{""n_estimators"": 3500, ""learning_rate"": 0.04026590193547326, ""max_depth"": 5, ""min_child_weight"": 15.984850208860447, ""subsample"": 0.7, ""colsample_bytree"": 0.6, ""colsample_bylevel"": 0.6, ""reg_alpha"": 4.615945297581093, ""reg_lambda"": 0.0020356063914020775, ""gamma"": 0.010008584331980498, ""max_bin"": 128, ""tree_method"": ""hist"", ""random_state"": 42, ""n_jobs"": -1, ""verbosity"": 0, ""early_stopping_rounds"": 50, ""eval_metric"": ""auc"", ""objective"": ""binary:logistic""}"
xgb,gender,17,0.867407,39.24,"{""n_estimators"": 600, ""learning_rate"": 0.06340015658611053, ""max_depth"": 6, ""min_child_weight"": 0.500952042407308, ""subsample"": 0.7, ""colsample_bytree"": 0.5, ""colsample_bylevel"": 0.8, ""reg_alpha"": 1.3613258488936233, ""reg_lambda"": 0.15730528642477665, ""gamma"": 0.0001272014122856471, ""max_bin"": 512, ""tree_method"": ""hist"", ""random_state"": 42, ""n_jobs"": -1, ""verbosity"": 0, ""early_stopping_rounds"": 50, ""eval_metric"": ""auc"", ""objective"": ""binary:logistic""}"
xgb,gender,18,0.855130,31.63,"{""n_estimators"": 3500, ""learning_rate"": 0.011921187278846621, ""max_depth"": 5, ""min_child_weight"": 20.68970703000509, ""subsample"": 0.7, ""colsample_bytree"": 0.7, ""colsample_bylevel"": 0.6, ""reg_alpha"": 0.00022010260595969452, ""reg_lambda"": 0.009765118453559846, ""gamma"": 0.020898425769377352, ""max_bin"": 128, ""tree_method"": ""hist"", ""random_state"": 42, ""n_jobs"": -1, ""verbosity"": 0, ""early_stopping_rounds"": 50, ""eval_metric"": ""auc"", ""objective"": ""binary:logistic""}"
xgb,gender,19,0.819169,35.00,"{""n_estimators"": 600, ""learning_rate"": 0.0063741836923717305, ""max_depth"": 5, ""min_child_weight"": 16.070486692468762, ""subsample"": 1.0, ""colsample_bytree"": 0.5, ""colsample_bylevel"": 0.8, ""reg_alpha"": 0.4122244425250801, ""reg_lambda"": 9.428160863316926, ""gamma"": 0.017789782033646027, ""max_bin"": 512, ""tree_method"": ""hist"", ""random_state"": 42, ""n_jobs"": -1, ""verbosity"": 0, ""early_stopping_rounds"": 50, ""eval_metric"": ""auc"", ""objective"": ""binary:logistic""}"
xgb,gender,20,0.868100,62.07,"{""n_estimators"": 400, ""learning_rate"": 0.01596175395205465, ""max_depth"": 7, ""min_child_weight"": 2.900095913424527, ""subsample"": 0.8, ""colsample_bytree"": 1.0, ""colsample_bylevel"": 0.8, ""reg_alpha"": 0.04562775851774437, ""reg_lambda"": 0.0002543973237170586, ""gamma"": 0.11440074855822273, ""max_bin"": 512, ""tree_method"": ""hist"", ""random_state"": 42, ""n_jobs"": -1, ""verbosity"": 0, ""early_stopping_rounds"": 50, ""eval_metric"": ""auc"", ""objective"": ""binary:logistic""}"
xgb,gender,21,0.818720,22.76,"{""n_estimators"": 800, ""learning_rate"": 0.0034632863604381827, ""max_depth"": 3, ""min_child_weight"": 6.568599863358282, ""subsample"": 0.6, ""colsample_bytree"": 1.0, ""colsample_bylevel"": 0.6, ""reg_alpha"": 0.7492844288774073, ""reg_lambda"": 0.0008360729844069462, ""gamma"": 0.019785926090912793, ""max_bin"": 256, ""tree_method"": ""hist"", ""random_state"": 42, ""n_jobs"": -1, ""verbosity"": 0, ""early_stopping_rounds"": 50, ""eval_metric"": ""auc"", ""objective"": ""binary:logistic""}"
xgb,gender,22,0.872265,37.89,"{""n_estimators"": 600, ""learning_rate"": 0.03278384125060388, ""max_depth"": 10, ""min_child_weight"": 0.5925425451178538, ""subsample"": 0.9, ""colsample_bytree"": 0.7, ""colsample_bylevel"": 0.6, ""reg_alpha"": 0.0007813888832990608, ""reg_lambda"": 0.0006439018407950515, ""gamma"": 0.03736076729793822, ""max_bin"": 128, ""tree_method"": ""hist"", ""random_state"": 42, ""n_jobs"": -1, ""verbosity"": 0, ""early_stopping_rounds"": 50, ""eval_metric"": ""auc"", ""objective"": ""binary:logistic""}"
xgb,gender,23,0.871969,39.97,"{""n_estimators"": 2400, ""learning_rate"": 0.03341342197098598, ""max_depth"": 10, ""min_child_weight"": 0.6177134209905024, ""subsample"": 0.9, ""colsample_bytree"": 0.5, ""colsample_bylevel"": 1.0, ""reg_alpha"": 4.72818174954399, ""reg_lambda"": 0.0001583744392143175, ""gamma"": 0.0001988245978717212, ""max_bin"": 128, ""tree_method"": ""hist"", ""random_state"": 42, ""n_jobs"": -1, ""verbosity"": 0, ""early_stopping_rounds"": 50, ""eval_metric"": ""auc"", ""objective"": ""binary:logistic""}"
xgb,gender,24,0.840367,65.56,"{""n_estimators"": 1200, ""learning_rate"": 0.005439211657756538, ""max_depth"": 4, ""min_child_weight"": 19.68018242716005, ""subsample"": 0.8, ""colsample_bytree"": 0.7, ""colsample_bylevel"": 0.8, ""reg_alpha"": 0.060853763189285835, ""reg_lambda"": 3.6241579173414586, ""gamma"": 0.028114343683621906, ""max_bin"": 512, ""tree_method"": ""hist"", ""random_state"": 42, ""n_jobs"": -1, ""verbosity"": 0, ""early_stopping_rounds"": 50, ""eval_metric"": ""auc"", ""objective"": ""binary:logistic""}"
xgb,gender,25,0.863119,32.56,"{""n_estimators"": 400, ""learning_rate"": 0.028760348740794656, ""max_depth"": 6, ""min_child_weight"": 12.071090013419484, ""subsample"": 0.9, ""colsample_bytree"": 0.8, ""colsample_bylevel"": 0.6, ""reg_alpha"": 0.027939042761532227, ""reg_lambda"": 0.011376978914938227, ""gamma"": 0.0005114562743662039, ""max_bin"": 512, ""tree_method"": ""hist"", ""random_state"": 42, ""n_jobs"": -1, ""verbosity"": 0, ""early_stopping_rounds"": 50, ""eval_metric"": ""auc"", ""objective"": ""binary:logistic""}"
xgb,gender,26,0.867052,78.30,"{""n_estimators"": 3500, ""learning_rate"": 0.014441286827068876, ""max_depth"": 12, ""min_child_weight"": 8.43858228002941, ""subsample"": 0.5, ""colsample_bytree"": 1.0, ""colsample_bylevel"": 0.8, ""reg_alpha"": 1.3316924482300938, ""reg_lambda"": 0.8218436956067527, ""gamma"": 0.004352376188235014, ""max_bin"": 256, ""tree_method"": ""hist"", ""random_state"": 42, ""n_jobs"": -1, ""verbosity"": 0, ""early_stopping_rounds"": 50, ""eval_metric"": ""auc"", ""objective"": ""binary:logistic""}"
xgb,gender,27,0.856246,130.87,"{""n_estimators"": 1600, ""learning_rate"": 0.0032456841356050836, ""max_depth"": 5, ""min_child_weight"": 0.5681762206070178, ""subsample"": 0.9, ""colsample_bytree"": 0.7, ""colsample_bylevel"": 0.8, ""reg_alpha"": 0.02423652816908514, ""reg_lambda"": 0.01210704262589718, ""gamma"": 0.7228094712168206, ""max_bin"": 512, ""tree_method"": ""hist"", ""random_state"": 42, ""n_jobs"": -1, ""verbosity"": 0, ""early_stopping_rounds"": 50, ""eval_metric"": ""auc"", ""objective"": ""binary:logistic""}"
xgb,gender,28,0.863394,55.73,"{""n_estimators"": 1200, ""learning_rate"": 0.028075870953161528, ""max_depth"": 4, ""min_child_weight"": 1.0604415158852527, ""subsample"": 0.6, ""colsample_bytree"": 0.7, ""colsample_bylevel"": 0.8, ""reg_alpha"": 0.0003498526036585889, ""reg_lambda"": 0.0004271686237117503, ""gamma"": 0.38094239438120786, ""max_bin"": 512, ""tree_method"": ""hist"", ""random_state"": 42, ""n_jobs"": -1, ""verbosity"": 0, ""early_stopping_rounds"": 50, ""eval_metric"": ""auc"", ""objective"": ""binary:logistic""}"
xgb,gender,29,0.871765,70.57,"{""n_estimators"": 3500, ""learning_rate"": 0.027505443230608526, ""max_depth"": 8, ""min_child_weight"": 2.7511809670045557, ""subsample"": 0.7, ""colsample_bytree"": 0.5, ""colsample_bylevel"": 0.8, ""reg_alpha"": 0.00011429366060307827, ""reg_lambda"": 0.0005056626589319624, ""gamma"": 0.005410368017517017, ""max_bin"": 512, ""tree_method"": ""hist"", ""random_state"": 42, ""n_jobs"": -1, ""verbosity"": 0, ""early_stopping_rounds"": 50, ""eval_metric"": ""auc"", ""objective"": ""binary:logistic""}"
xgb,gender,30,0.871805,176.52,"{""n_estimators"": 1200, ""learning_rate"": 0.005703848628948262, ""max_depth"": 10, ""min_child_weight"": 1.8906680424327973, ""subsample"": 0.8, ""colsample_bytree"": 0.7, ""colsample_bylevel"": 1.0, ""reg_alpha"": 0.0003026472579024824, ""reg_lambda"": 0.0001333675878429487, ""gamma"": 0.37834901461308446, ""max_bin"": 256, ""tree_method"": ""hist"", ""random_state"": 42, ""n_jobs"": -1, ""verbosity"": 0, ""early_stopping_rounds"": 50, ""eval_metric"": ""auc"", ""objective"": ""binary:logistic""}"
xgb,gender,31,0.846915,91.77,"{""n_estimators"": 3500, ""learning_rate"": 0.004506405929993302, ""max_depth"": 3, ""min_child_weight"": 3.697534011847341, ""subsample"": 0.5, ""colsample_bytree"": 0.6, ""colsample_bylevel"": 0.8, ""reg_alpha"": 0.0031127798214456714, ""reg_lambda"": 0.052874252722987264, ""gamma"": 0.000631380576656449, ""max_bin"": 256, ""tree_method"": ""hist"", ""random_state"": 42, ""n_jobs"": -1, ""verbosity"": 0, ""early_stopping_rounds"": 50, ""eval_metric"": ""auc"", ""objective"": ""binary:logistic""}"
xgb,gender,32,0.862041,15.11,"{""n_estimators"": 2400, ""learning_rate"": 0.07503139125573166, ""max_depth"": 4, ""min_child_weight"": 2.270144977650832, ""subsample"": 1.0, ""colsample_bytree"": 0.5, ""colsample_bylevel"": 1.0, ""reg_alpha"": 0.0004586785638341268, ""reg_lambda"": 0.00011156262057137392, ""gamma"": 0.015525901134179515, ""max_bin"": 128, ""tree_method"": ""hist"", ""random_state"": 42, ""n_jobs"": -1, ""verbosity"": 0, ""early_stopping_rounds"": 50, ""eval_metric"": ""auc"", ""objective"": ""binary:logistic""}"
xgb,gender,33,0.843107,24.97,"{""n_estimators"": 400, ""learning_rate"": 0.006117357237777155, ""max_depth"": 6, ""min_child_weight"": 13.562933932349711, ""subsample"": 0.9, ""colsample_bytree"": 0.6, ""colsample_bylevel"": 0.8, ""reg_alpha"": 0.11329794990609608, ""reg_lambda"": 0.00024176871713077217, ""gamma"": 0.3608009099741397, ""max_bin"": 256, ""tree_method"": ""hist"", ""random_state"": 42, ""n_jobs"": -1, ""verbosity"": 0, ""early_stopping_rounds"": 50, ""eval_metric"": ""auc"", ""objective"": ""binary:logistic""}"
xgb,gender,34,0.861756,65.31,"{""n_estimators"": 1200, ""learning_rate"": 0.0030958961658999495, ""max_depth"": 7, ""min_child_weight"": 4.736693702641244, ""subsample"": 0.8, ""colsample_bytree"": 0.6, ""colsample_bylevel"": 1.0, ""reg_alpha"": 0.0005693069074007974, ""reg_lambda"": 0.0009877019739353754, ""gamma"": 0.0013056938175482653, ""max_bin"": 128, ""tree_method"": ""hist"", ""random_state"": 42, ""n_jobs"": -1, ""verbosity"": 0, ""early_stopping_rounds"": 50, ""eval_metric"": ""auc"", ""objective"": ""binary:logistic""}"
xgb,gender,35,0.859947,131.06,"{""n_estimators"": 800, ""learning_rate"": 0.006215150244775238, ""max_depth"": 10, ""min_child_weight"": 6.551647223649711, ""subsample"": 0.7, ""colsample_bytree"": 0.5, ""colsample_bylevel"": 0.8, ""reg_alpha"": 3.065577721836754, ""reg_lambda"": 0.00021811391881707457, ""gamma"": 0.0005615644995636617, ""max_bin"": 512, ""tree_method"": ""hist"", ""random_state"": 42, ""n_jobs"": -1, ""verbosity"": 0, ""early_stopping_rounds"": 50, ""eval_metric"": ""auc"", ""objective"": ""binary:logistic""}"
xgb,gender,36,0.857289,32.48,"{""n_estimators"": 400, ""learning_rate"": 0.02349773482582562, ""max_depth"": 7, ""min_child_weight"": 19.1772847797114, ""subsample"": 0.8, ""colsample_bytree"": 0.4, ""colsample_bylevel"": 0.6, ""reg_alpha"": 0.005981572086042561, ""reg_lambda"": 0.00046601552607158377, ""gamma"": 0.00733715376672993, ""max_bin"": 512, ""tree_method"": ""hist"", ""random_state"": 42, ""n_jobs"": -1, ""verbosity"": 0, ""early_stopping_rounds"": 50, ""eval_metric"": ""auc"", ""objective"": ""binary:logistic""}"
xgb,gender,37,0.863638,79.42,"{""n_estimators"": 600, ""learning_rate"": 0.006841860562377872, ""max_depth"": 8, ""min_child_weight"": 4.023181995490089, ""subsample"": 0.9, ""colsample_bytree"": 0.8, ""colsample_bylevel"": 1.0, ""reg_alpha"": 2.703773886253403, ""reg_lambda"": 0.01709988193384349, ""gamma"": 0.24194641159290323, ""max_bin"": 256, ""tree_method"": ""hist"", ""random_state"": 42, ""n_jobs"": -1, ""verbosity"": 0, ""early_stopping_rounds"": 50, ""eval_metric"": ""auc"", ""objective"": ""binary:logistic""}"
xgb,gender,38,0.847974,22.08,"{""n_estimators"": 3500, ""learning_rate"": 0.03589512274657932, ""max_depth"": 3, ""min_child_weight"": 14.902697877320035, ""subsample"": 0.6, ""colsample_bytree"": 0.9, ""colsample_bylevel"": 0.6, ""reg_alpha"": 0.00022578625872353078, ""reg_lambda"": 0.00018847622580009342, ""gamma"": 0.013599430456383952, ""max_bin"": 256, ""tree_method"": ""hist"", ""random_state"": 42, ""n_jobs"": -1, ""verbosity"": 0, ""early_stopping_rounds"": 50, ""eval_metric"": ""auc"", ""objective"": ""binary:logistic""}"
xgb,gender,39,0.842516,21.21,"{""n_estimators"": 400, ""learning_rate"": 0.003709749184679672, ""max_depth"": 7, ""min_child_weight"": 3.27701406844721, ""subsample"": 1.0, ""colsample_bytree"": 0.4, ""colsample_bylevel"": 1.0, ""reg_alpha"": 0.0007595099194077302, ""reg_lambda"": 2.4247411567371433, ""gamma"": 0.09203426952668235, ""max_bin"": 128, ""tree_method"": ""hist"", ""random_state"": 42, ""n_jobs"": -1, ""verbosity"": 0, ""early_stopping_rounds"": 50, ""eval_metric"": ""auc"", ""objective"": ""binary:logistic""}"
xgb,gender,40,0.863204,328.66,"{""n_estimators"": 2400, ""learning_rate"": 0.003883547629424556, ""max_depth"": 10, ""min_child_weight"": 11.099243845514604, ""subsample"": 0.7, ""colsample_bytree"": 1.0, ""colsample_bylevel"": 0.6, ""reg_alpha"": 0.0008535385698966867, ""reg_lambda"": 7.835219084926534, ""gamma"": 0.32514963035594013, ""max_bin"": 512, ""tree_method"": ""hist"", ""random_state"": 42, ""n_jobs"": -1, ""verbosity"": 0, ""early_stopping_rounds"": 50, ""eval_metric"": ""auc"", ""objective"": ""binary:logistic""}"
xgb,gender,41,0.866056,450.69,"{""n_estimators"": 3500, ""learning_rate"": 0.0042986713399554895, ""max_depth"": 12, ""min_child_weight"": 17.603051456408252, ""subsample"": 0.9, ""colsample_bytree"": 0.5, ""colsample_bylevel"": 0.6, ""reg_alpha"": 0.3017855561774491, ""reg_lambda"": 0.00029793335191278175, ""gamma"": 0.30014925356324795, ""max_bin"": 512, ""tree_method"": ""hist"", ""random_state"": 42, ""n_jobs"": -1, ""verbosity"": 0, ""early_stopping_rounds"": 50, ""eval_metric"": ""auc"", ""objective"": ""binary:logistic""}"
xgb,gender,42,0.863122,24.39,"{""n_estimators"": 800, ""learning_rate"": 0.05886983412375811, ""max_depth"": 5, ""min_child_weight"": 6.619835145375942, ""subsample"": 0.9, ""colsample_bytree"": 0.9, ""colsample_bylevel"": 1.0, ""reg_alpha"": 0.00037829430615096644, ""reg_lambda"": 0.0010684424478191999, ""gamma"": 0.00038170886229369394, ""max_bin"": 128, ""tree_method"": ""hist"", ""random_state"": 42, ""n_jobs"": -1, ""verbosity"": 0, ""early_stopping_rounds"": 50, ""eval_metric"": ""auc"", ""objective"": ""binary:logistic""}"
xgb,gender,43,0.866060,183.09,"{""n_estimators"": 1200, ""learning_rate"": 0.004303889573146741, ""max_depth"": 12, ""min_child_weight"": 0.5744965189273147, ""subsample"": 0.5, ""colsample_bytree"": 0.7, ""colsample_bylevel"": 0.6, ""reg_alpha"": 0.0019134064368552498, ""reg_lambda"": 0.019077194316541327, ""gamma"": 0.000965859666144388, ""max_bin"": 128, ""tree_method"": ""hist"", ""random_state"": 42, ""n_jobs"": -1, ""verbosity"": 0, ""early_stopping_rounds"": 50, ""eval_metric"": ""auc"", ""objective"": ""binary:logistic""}"
xgb,gender,44,0.868570,139.66,"{""n_estimators"": 3500, ""learning_rate"": 0.025145807249220834, ""max_depth"": 5, ""min_child_weight"": 1.585249711117283, ""subsample"": 0.9, ""colsample_bytree"": 0.9, ""colsample_bylevel"": 1.0, ""reg_alpha"": 0.29836353875374727, ""reg_lambda"": 0.00014260972862802942, ""gamma"": 0.0008823104204642727, ""max_bin"": 512, ""tree_method"": ""hist"", ""random_state"": 42, ""n_jobs"": -1, ""verbosity"": 0, ""early_stopping_rounds"": 50, ""eval_metric"": ""auc"", ""objective"": ""binary:logistic""}"
xgb,gender,45,0.843772,148.29,"{""n_estimators"": 3500, ""learning_rate"": 0.0038555768974611123, ""max_depth"": 3, ""min_child_weight"": 1.6199402279912676, ""subsample"": 0.5, ""colsample_bytree"": 0.7, ""colsample_bylevel"": 0.6, ""reg_alpha"": 0.07535658074065879, ""reg_lambda"": 0.7780797876311483, ""gamma"": 0.044813121515924016, ""max_bin"": 256, ""tree_method"": ""hist"", ""random_state"": 42, ""n_jobs"": -1, ""verbosity"": 0, ""early_stopping_rounds"": 50, ""eval_metric"": ""auc"", ""objective"": ""binary:logistic""}"
xgb,gender,46,0.849668,52.28,"{""n_estimators"": 800, ""learning_rate"": 0.03161103951072189, ""max_depth"": 3, ""min_child_weight"": 2.3643000373441896, ""subsample"": 0.7, ""colsample_bytree"": 0.8, ""colsample_bylevel"": 0.8, ""reg_alpha"": 0.0024683434219724353, ""reg_lambda"": 0.9564060725349368, ""gamma"": 0.003454884585992727, ""max_bin"": 512, ""tree_method"": ""hist"", ""random_state"": 42, ""n_jobs"": -1, ""verbosity"": 0, ""early_stopping_rounds"": 50, ""eval_metric"": ""auc"", ""objective"": ""binary:logistic""}"
xgb,gender,47,0.872997,175.76,"{""n_estimators"": 1600, ""learning_rate"": 0.014929944127215074, ""max_depth"": 7, ""min_child_weight"": 1.6815545434169923, ""subsample"": 1.0, ""colsample_bytree"": 0.5, ""colsample_bylevel"": 0.6, ""reg_alpha"": 0.0068694970254018295, ""reg_lambda"": 1.2609443994160874, ""gamma"": 0.000725952164690885, ""max_bin"": 512, ""tree_method"": ""hist"", ""random_state"": 42, ""n_jobs"": -1, ""verbosity"": 0, ""early_stopping_rounds"": 50, ""eval_metric"": ""auc"", ""objective"": ""binary:logistic""}"
xgb,gender,48,0.870573,56.15,"{""n_estimators"": 2400, ""learning_rate"": 0.056775872437418835, ""max_depth"": 7, ""min_child_weight"": 1.1876249538017243, ""subsample"": 0.7, ""colsample_bytree"": 1.0, ""colsample_bylevel"": 0.8, ""reg_alpha"": 0.003375426014589811, ""reg_lambda"": 0.00020860882889725877, ""gamma"": 0.0019496855678882209, ""max_bin"": 256, ""tree_method"": ""hist"", ""random_state"": 42, ""n_jobs"": -1, ""verbosity"": 0, ""early_stopping_rounds"": 50, ""eval_metric"": ""auc"", ""objective"": ""binary:logistic""}"
xgb,gender,49,0.851971,43.77,"{""n_estimators"": 3500, ""learning_rate"": 0.053048492019042784, ""max_depth"": 3, ""min_child_weight"": 1.0201348531518057, ""subsample"": 0.5, ""colsample_bytree"": 0.6, ""colsample_bylevel"": 0.8, ""reg_alpha"": 0.00011107285577952421, ""reg_lambda"": 0.42563742219002354, ""gamma"": 0.03066578158265478, ""max_bin"": 512, ""tree_method"": ""hist"", ""random_state"": 42, ""n_jobs"": -1, ""verbosity"": 0, ""early_stopping_rounds"": 50, ""eval_metric"": ""auc"", ""objective"": ""binary:logistic""}"
xgb,gender,50,0.867319,90.65,"{""n_estimators"": 2400, ""learning_rate"": 0.03744251047008512, ""max_depth"": 7, ""min_child_weight"": 12.184356708706586, ""subsample"": 0.9, ""colsample_bytree"": 0.4, ""colsample_bylevel"": 1.0, ""reg_alpha"": 0.6015261601365085, ""reg_lambda"": 2.2409247456999055, ""gamma"": 0.027888983902524044, ""max_bin"": 512, ""tree_method"": ""hist"", ""random_state"": 42, ""n_jobs"": -1, ""verbosity"": 0, ""early_stopping_rounds"": 50, ""eval_metric"": ""auc"", ""objective"": ""binary:logistic""}"
xgb,gender,51,0.853838,94.20,"{""n_estimators"": 2400, ""learning_rate"": 0.014081805322764023, ""max_depth"": 6, ""min_child_weight"": 29.448380571664767, ""subsample"": 0.5, ""colsample_bytree"": 0.6, ""colsample_bylevel"": 0.8, ""reg_alpha"": 0.7004178931766629, ""reg_lambda"": 0.00019679105377461, ""gamma"": 0.0005103675765141741, ""max_bin"": 256, ""tree_method"": ""hist"", ""random_state"": 42, ""n_jobs"": -1, ""verbosity"": 0, ""early_stopping_rounds"": 50, ""eval_metric"": ""auc"", ""objective"": ""binary:logistic""}"
xgb,gender,52,0.873558,300.47,"{""n_estimators"": 2400, ""learning_rate"": 0.004318417294573739, ""max_depth"": 7, ""min_child_weight"": 1.0914059157281848, ""subsample"": 0.7, ""colsample_bytree"": 0.6, ""colsample_bylevel"": 1.0, ""reg_alpha"": 0.04304857744625224, ""reg_lambda"": 0.002291134597432001, ""gamma"": 0.003299887050221575, ""max_bin"": 256, ""tree_method"": ""hist"", ""random_state"": 42, ""n_jobs"": -1, ""verbosity"": 0, ""early_stopping_rounds"": 50, ""eval_metric"": ""auc"", ""objective"": ""binary:logistic""}"
xgb,gender,53,0.860404,68.95,"{""n_estimators"": 800, ""learning_rate"": 0.04473812057847352, ""max_depth"": 5, ""min_child_weight"": 19.098393038361383, ""subsample"": 0.8, ""colsample_bytree"": 0.7, ""colsample_bylevel"": 0.6, ""reg_alpha"": 1.1425948227420593, ""reg_lambda"": 0.08913829171533234, ""gamma"": 0.02785416860095141, ""max_bin"": 512, ""tree_method"": ""hist"", ""random_state"": 42, ""n_jobs"": -1, ""verbosity"": 0, ""early_stopping_rounds"": 50, ""eval_metric"": ""auc"", ""objective"": ""binary:logistic""}"
xgb,gender,54,0.869643,26.62,"{""n_estimators"": 2400, ""learning_rate"": 0.05200582989792248, ""max_depth"": 8, ""min_child_weight"": 1.598027353787158, ""subsample"": 0.8, ""colsample_bytree"": 0.6, ""colsample_bylevel"": 0.8, ""reg_alpha"": 0.08168956871991294, ""reg_lambda"": 0.00018152579839369163, ""gamma"": 0.3045781080593727, ""max_bin"": 128, ""tree_method"": ""hist"", ""random_state"": 42, ""n_jobs"": -1, ""verbosity"": 0, ""early_stopping_rounds"": 50, ""eval_metric"": ""auc"", ""objective"": ""binary:logistic""}"
xgb,gender,55,0.838891,52.86,"{""n_estimators"": 1200, ""learning_rate"": 0.011292059231930392, ""max_depth"": 3, ""min_child_weight"": 25.983061476729585, ""subsample"": 0.9, ""colsample_bytree"": 0.4, ""colsample_bylevel"": 0.6, ""reg_alpha"": 0.0004433086232854022, ""reg_lambda"": 0.003775793803355267, ""gamma"": 0.48725986178536, ""max_bin"": 256, ""tree_method"": ""hist"", ""random_state"": 42, ""n_jobs"": -1, ""verbosity"": 0, ""early_stopping_rounds"": 50, ""eval_metric"": ""auc"", ""objective"": ""binary:logistic""}"
xgb,gender,56,0.861408,508.73,"{""n_estimators"": 1200, ""learning_rate"": 0.006187603598532343, ""max_depth"": 10, ""min_child_weight"": 1.2522019335397638, ""subsample"": 0.8, ""colsample_bytree"": 0.9, ""colsample_bylevel"": 1.0, ""reg_alpha"": 0.45948266322294606, ""reg_lambda"": 0.000201722607654684, ""gamma"": 0.6239112180381787, ""max_bin"": 512, ""tree_method"": ""hist"", ""random_state"": 42, ""n_jobs"": -1, ""verbosity"": 0, ""early_stopping_rounds"": 50, ""eval_metric"": ""auc"", ""objective"": ""binary:logistic""}"
xgb,gender,57,0.869588,53.60,"{""n_estimators"": 1200, ""learning_rate"": 0.022391546204348828, ""max_depth"": 12, ""min_child_weight"": 6.801702975539294, ""subsample"": 0.6, ""colsample_bytree"": 0.8, ""colsample_bylevel"": 0.6, ""reg_alpha"": 0.0002890522504318393, ""reg_lambda"": 0.16843248871343217, ""gamma"": 0.02416431379129994, ""max_bin"": 128, ""tree_method"": ""hist"", ""random_state"": 42, ""n_jobs"": -1, ""verbosity"": 0, ""early_stopping_rounds"": 50, ""eval_metric"": ""auc"", ""objective"": ""binary:logistic""}"
xgb,gender,58,0.861760,87.83,"{""n_estimators"": 1600, ""learning_rate"": 0.02524384675192207, ""max_depth"": 4, ""min_child_weight"": 1.2300853500248965, ""subsample"": 0.8, ""colsample_bytree"": 0.9, ""colsample_bylevel"": 0.8, ""reg_alpha"": 0.003890295521412138, ""reg_lambda"": 0.09675113724512624, ""gamma"": 0.5985751734823525, ""max_bin"": 512, ""tree_method"": ""hist"", ""random_state"": 42, ""n_jobs"": -1, ""verbosity"": 0, ""early_stopping_rounds"": 50, ""eval_metric"": ""auc"", ""objective"": ""binary:logistic""}"
xgb,gender,59,0.864524,95.44,"{""n_estimators"": 2400, ""learning_rate"": 0.017645531052453096, ""max_depth"": 5, ""min_child_weight"": 5.322890237136039, ""subsample"": 1.0, ""colsample_bytree"": 0.8, ""colsample_bylevel"": 1.0, ""reg_alpha"": 0.022896749950147226, ""reg_lambda"": 0.06942664467247944, ""gamma"": 0.0005402985978167408, ""max_bin"": 256, ""tree_method"": ""hist"", ""random_state"": 42, ""n_jobs"": -1, ""verbosity"": 0, ""early_stopping_rounds"": 50, ""eval_metric"": ""auc"", ""objective"": ""binary:logistic""}"
xgb,gender,60,0.858400,41.83,"{""n_estimators"": 400, ""learning_rate"": 0.04494639332568151, ""max_depth"": 5, ""min_child_weight"": 17.469094887282942, ""subsample"": 0.7, ""colsample_bytree"": 0.7, ""colsample_bylevel"": 1.0, ""reg_alpha"": 0.24861042973366537, ""reg_lambda"": 0.000632177558518044, ""gamma"": 0.00012307341092325895, ""max_bin"": 512, ""tree_method"": ""hist"", ""random_state"": 42, ""n_jobs"": -1, ""verbosity"": 0, ""early_stopping_rounds"": 50, ""eval_metric"": ""auc"", ""objective"": ""binary:logistic""}"
xgb,gender,61,0.864956,66.15,"{""n_estimators"": 800, ""learning_rate"": 0.07281795189233337, ""max_depth"": 7, ""min_child_weight"": 18.43182631658836, ""subsample"": 1.0, ""colsample_bytree"": 0.5, ""colsample_bylevel"": 1.0, ""reg_alpha"": 0.3365159596139343, ""reg_lambda"": 5.2886110580400345, ""gamma"": 0.040561177783403055, ""max_bin"": 512, ""tree_method"": ""hist"", ""random_state"": 42, ""n_jobs"": -1, ""verbosity"": 0, ""early_stopping_rounds"": 50, ""eval_metric"": ""auc"", ""objective"": ""binary:logistic""}"
xgb,gender,62,0.869938,78.98,"{""n_estimators"": 3500, ""learning_rate"": 0.013518175784396862, ""max_depth"": 12, ""min_child_weight"": 9.9292944343727, ""subsample"": 0.7, ""colsample_bytree"": 0.5, ""colsample_bylevel"": 0.6, ""reg_alpha"": 0.8122736496275312, ""reg_lambda"": 0.004326270704441987, ""gamma"": 0.05170574784605727, ""max_bin"": 128, ""tree_method"": ""hist"", ""random_state"": 42, ""n_jobs"": -1, ""verbosity"": 0, ""early_stopping_rounds"": 50, ""eval_metric"": ""auc"", ""objective"": ""binary:logistic""}"
xgb,gender,63,0.860029,68.14,"{""n_estimators"": 400, ""learning_rate"": 0.025227222927088015, ""max_depth"": 8, ""min_child_weight"": 21.87801968605657, ""subsample"": 1.0, ""colsample_bytree"": 0.7, ""colsample_bylevel"": 1.0, ""reg_alpha"": 0.000106171260023386, ""reg_lambda"": 0.0006429353235015571, ""gamma"": 0.0019063969195128763, ""max_bin"": 512, ""tree_method"": ""hist"", ""random_state"": 42, ""n_jobs"": -1, ""verbosity"": 0, ""early_stopping_rounds"": 50, ""eval_metric"": ""auc"", ""objective"": ""binary:logistic""}"
xgb,gender,64,0.871108,76.80,"{""n_estimators"": 1200, ""learning_rate"": 0.04697003514323418, ""max_depth"": 12, ""min_child_weight"": 2.154492223578787, ""subsample"": 0.6, ""colsample_bytree"": 1.0, ""colsample_bylevel"": 0.6, ""reg_alpha"": 0.00023416833371007773, ""reg_lambda"": 0.007464544548506387, ""gamma"": 0.004662287858678481, ""max_bin"": 256, ""tree_method"": ""hist"", ""random_state"": 42, ""n_jobs"": -1, ""verbosity"": 0, ""early_stopping_rounds"": 50, ""eval_metric"": ""auc"", ""objective"": ""binary:logistic""}"
xgb,gender,65,0.854928,46.04,"{""n_estimators"": 3500, ""learning_rate"": 0.04045798812187062, ""max_depth"": 3, ""min_child_weight"": 0.8242228084908227, ""subsample"": 1.0, ""colsample_bytree"": 0.6, ""colsample_bylevel"": 0.6, ""reg_alpha"": 0.00015537435882863085, ""reg_lambda"": 2.0380408754624013, ""gamma"": 0.0005299438202192169, ""max_bin"": 256, ""tree_method"": ""hist"", ""random_state"": 42, ""n_jobs"": -1, ""verbosity"": 0, ""early_stopping_rounds"": 50, ""eval_metric"": ""auc"", ""objective"": ""binary:logistic""}"
xgb,gender,66,0.870832,49.78,"{""n_estimators"": 800, ""learning_rate"": 0.03338227552802712, ""max_depth"": 7, ""min_child_weight"": 0.8900502205129677, ""subsample"": 0.6, ""colsample_bytree"": 0.9, ""colsample_bylevel"": 0.6, ""reg_alpha"": 0.24568437002090027, ""reg_lambda"": 2.2835581671624317, ""gamma"": 0.00030927948056731, ""max_bin"": 128, ""tree_method"": ""hist"", ""random_state"": 42, ""n_jobs"": -1, ""verbosity"": 0, ""early_stopping_rounds"": 50, ""eval_metric"": ""auc"", ""objective"": ""binary:logistic""}"
xgb,gender,67,0.865914,48.37,"{""n_estimators"": 600, ""learning_rate"": 0.02512373886281813, ""max_depth"": 5, ""min_child_weight"": 1.0665700640731395, ""subsample"": 0.7, ""colsample_bytree"": 0.6, ""colsample_bylevel"": 0.8, ""reg_alpha"": 0.0021745828681221245, ""reg_lambda"": 0.00714787132744976, ""gamma"": 0.0010642309371359244, ""max_bin"": 256, ""tree_method"": ""hist"", ""random_state"": 42, ""n_jobs"": -1, ""verbosity"": 0, ""early_stopping_rounds"": 50, ""eval_metric"": ""auc"", ""objective"": ""binary:logistic""}"
xgb,gender,68,0.866667,107.39,"{""n_estimators"": 1200, ""learning_rate"": 0.013557978111606622, ""max_depth"": 7, ""min_child_weight"": 9.172349048575878, ""subsample"": 0.5, ""colsample_bytree"": 0.9, ""colsample_bylevel"": 0.8, ""reg_alpha"": 0.022121853287219658, ""reg_lambda"": 0.010256960693307829, ""gamma"": 0.2740035890353527, ""max_bin"": 256, ""tree_method"": ""hist"", ""random_state"": 42, ""n_jobs"": -1, ""verbosity"": 0, ""early_stopping_rounds"": 50, ""eval_metric"": ""auc"", ""objective"": ""binary:logistic""}"
xgb,gender,69,0.872996,134.00,"{""n_estimators"": 1200, ""learning_rate"": 0.011764458060162823, ""max_depth"": 7, ""min_child_weight"": 0.9151676391159359, ""subsample"": 0.5, ""colsample_bytree"": 0.6, ""colsample_bylevel"": 1.0, ""reg_alpha"": 0.033770430095164485, ""reg_lambda"": 0.0002338632093157325, ""gamma"": 0.0007653942632594845, ""max_bin"": 256, ""tree_method"": ""hist"", ""random_state"": 42, ""n_jobs"": -1, ""verbosity"": 0, ""early_stopping_rounds"": 50, ""eval_metric"": ""auc"", ""objective"": ""binary:logistic""}"
xgb,gender,70,0.869809,137.99,"{""n_estimators"": 3500, ""learning_rate"": 0.00663528171630454, ""max_depth"": 12, ""min_child_weight"": 6.610995465303173, ""subsample"": 0.6, ""colsample_bytree"": 1.0, ""colsample_bylevel"": 0.8, ""reg_alpha"": 0.037194625817882875, ""reg_lambda"": 0.0007262638175205605, ""gamma"": 0.001088905175013957, ""max_bin"": 128, ""tree_method"": ""hist"", ""random_state"": 42, ""n_jobs"": -1, ""verbosity"": 0, ""early_stopping_rounds"": 50, ""eval_metric"": ""auc"", ""objective"": ""binary:logistic""}"
xgb,gender,71,0.866090,34.22,"{""n_estimators"": 800, ""learning_rate"": 0.0580619250247972, ""max_depth"": 5, ""min_child_weight"": 4.197627029066884, ""subsample"": 0.8, ""colsample_bytree"": 0.5, ""colsample_bylevel"": 0.6, ""reg_alpha"": 0.19746452311068563, ""reg_lambda"": 8.013107298004707, ""gamma"": 0.0027647555806587206, ""max_bin"": 128, ""tree_method"": ""hist"", ""random_state"": 42, ""n_jobs"": -1, ""verbosity"": 0, ""early_stopping_rounds"": 50, ""eval_metric"": ""auc"", ""objective"": ""binary:logistic""}"
xgb,gender,72,0.836376,112.78,"{""n_estimators"": 1600, ""learning_rate"": 0.005624387558557877, ""max_depth"": 3, ""min_child_weight"": 14.298729678126861, ""subsample"": 0.5, ""colsample_bytree"": 0.8, ""colsample_bylevel"": 1.0, ""reg_alpha"": 0.013628511094287747, ""reg_lambda"": 0.004887856628716274, ""gamma"": 0.024983026869198968, ""max_bin"": 512, ""tree_method"": ""hist"", ""random_state"": 42, ""n_jobs"": -1, ""verbosity"": 0, ""early_stopping_rounds"": 50, ""eval_metric"": ""auc"", ""objective"": ""binary:logistic""}"
xgb,gender,73,0.865408,46.11,"{""n_estimators"": 600, ""learning_rate"": 0.0678126248342956, ""max_depth"": 5, ""min_child_weight"": 1.2893642796635516, ""subsample"": 0.9, ""colsample_bytree"": 1.0, ""colsample_bylevel"": 0.8, ""reg_alpha"": 0.002020875861824003, ""reg_lambda"": 0.0008092805812182329, ""gamma"": 0.0009972405279500228, ""max_bin"": 512, ""tree_method"": ""hist"", ""random_state"": 42, ""n_jobs"": -1, ""verbosity"": 0, ""early_stopping_rounds"": 50, ""eval_metric"": ""auc"", ""objective"": ""binary:logistic""}"
xgb,gender,74,0.868309,96.52,"{""n_estimators"": 1600, ""learning_rate"": 0.0365327590957793, ""max_depth"": 12, ""min_child_weight"": 4.053867368121341, ""subsample"": 0.5, ""colsample_bytree"": 0.4, ""colsample_bylevel"": 1.0, ""reg_alpha"": 0.009200509352677173, ""reg_lambda"": 0.301825713707181, ""gamma"": 0.0002391770237324538, ""max_bin"": 512, ""tree_method"": ""hist"", ""random_state"": 42, ""n_jobs"": -1, ""verbosity"": 0, ""early_stopping_rounds"": 50, ""eval_metric"": ""auc"", ""objective"": ""binary:logistic""}"
xgb,gender,75,0.862787,21.61,"{""n_estimators"": 800, ""learning_rate"": 0.07823658028362215, ""max_depth"": 7, ""min_child_weight"": 11.168415270855473, ""subsample"": 0.9, ""colsample_bytree"": 0.8, ""colsample_bylevel"": 0.6, ""reg_alpha"": 0.0008681492198912713, ""reg_lambda"": 0.3977479088465913, ""gamma"": 0.00011728633911421894, ""max_bin"": 128, ""tree_method"": ""hist"", ""random_state"": 42, ""n_jobs"": -1, ""verbosity"": 0, ""early_stopping_rounds"": 50, ""eval_metric"": ""auc"", ""objective"": ""binary:logistic""}"
xgb,gender,76,0.851710,78.42,"{""n_estimators"": 800, ""learning_rate"": 0.008804818492336062, ""max_depth"": 7, ""min_child_weight"": 17.692160389528528, ""subsample"": 0.5, ""colsample_bytree"": 1.0, ""colsample_bylevel"": 0.8, ""reg_alpha"": 0.0005018369426053658, ""reg_lambda"": 0.32683336697764676, ""gamma"": 0.006463885909971324, ""max_bin"": 256, ""tree_method"": ""hist"", ""random_state"": 42, ""n_jobs"": -1, ""verbosity"": 0, ""early_stopping_rounds"": 50, ""eval_metric"": ""auc"", ""objective"": ""binary:logistic""}"
xgb,gender,77,0.870357,260.30,"{""n_estimators"": 3500, ""learning_rate"": 0.00841324091492041, ""max_depth"": 6, ""min_child_weight"": 0.910318734117016, ""subsample"": 0.7, ""colsample_bytree"": 1.0, ""colsample_bylevel"": 1.0, ""reg_alpha"": 0.08157616361423503, ""reg_lambda"": 0.0006968053026718204, ""gamma"": 0.00392979785091076, ""max_bin"": 512, ""tree_method"": ""hist"", ""random_state"": 42, ""n_jobs"": -1, ""verbosity"": 0, ""early_stopping_rounds"": 50, ""eval_metric"": ""auc"", ""objective"": ""binary:logistic""}"
xgb,gender,78,0.868820,235.79,"{""n_estimators"": 1200, ""learning_rate"": 0.0072076003544788115, ""max_depth"": 6, ""min_child_weight"": 0.7570259711333459, ""subsample"": 0.6, ""colsample_bytree"": 0.9, ""colsample_bylevel"": 0.8, ""reg_alpha"": 0.011593794414684434, ""reg_lambda"": 0.7292165969991249, ""gamma"": 0.0017500008480629576, ""max_bin"": 512, ""tree_method"": ""hist"", ""random_state"": 42, ""n_jobs"": -1, ""verbosity"": 0, ""early_stopping_rounds"": 50, ""eval_metric"": ""auc"", ""objective"": ""binary:logistic""}"
xgb,gender,79,0.829755,37.29,"{""n_estimators"": 400, ""learning_rate"": 0.006138242078388872, ""max_depth"": 12, ""min_child_weight"": 23.599460224798236, ""subsample"": 0.5, ""colsample_bytree"": 0.9, ""colsample_bylevel"": 0.6, ""reg_alpha"": 1.521235387368265, ""reg_lambda"": 0.02377247402727049, ""gamma"": 0.057398890468692336, ""max_bin"": 256, ""tree_method"": ""hist"", ""random_state"": 42, ""n_jobs"": -1, ""verbosity"": 0, ""early_stopping_rounds"": 50, ""eval_metric"": ""auc"", ""objective"": ""binary:logistic""}"
xgb,gender,80,0.850522,18.51,"{""n_estimators"": 400, ""learning_rate"": 0.02683984942902681, ""max_depth"": 4, ""min_child_weight"": 0.6745869273907888, ""subsample"": 0.5, ""colsample_bytree"": 0.6, ""colsample_bylevel"": 0.6, ""reg_alpha"": 0.09229463984532899, ""reg_lambda"": 2.167828696729239, ""gamma"": 0.12833958858408911, ""max_bin"": 128, ""tree_method"": ""hist"", ""random_state"": 42, ""n_jobs"": -1, ""verbosity"": 0, ""early_stopping_rounds"": 50, ""eval_metric"": ""auc"", ""objective"": ""binary:logistic""}"
xgb,gender,81,0.868433,45.72,"{""n_estimators"": 1200, ""learning_rate"": 0.03893899626624418, ""max_depth"": 6, ""min_child_weight"": 2.3935486396468013, ""subsample"": 0.6, ""colsample_bytree"": 0.5, ""colsample_bylevel"": 1.0, ""reg_alpha"": 0.09418090697237354, ""reg_lambda"": 0.3821036877855157, ""gamma"": 0.04241038067005986, ""max_bin"": 256, ""tree_method"": ""hist"", ""random_state"": 42, ""n_jobs"": -1, ""verbosity"": 0, ""early_stopping_rounds"": 50, ""eval_metric"": ""auc"", ""objective"": ""binary:logistic""}"
xgb,gender,82,0.851131,17.59,"{""n_estimators"": 400, ""learning_rate"": 0.025971990226378718, ""max_depth"": 4, ""min_child_weight"": 3.7560595506255767, ""subsample"": 1.0, ""colsample_bytree"": 0.4, ""colsample_bylevel"": 1.0, ""reg_alpha"": 0.1243496988841689, ""reg_lambda"": 0.000857483854762093, ""gamma"": 0.00014026855684678958, ""max_bin"": 128, ""tree_method"": ""hist"", ""random_state"": 42, ""n_jobs"": -1, ""verbosity"": 0, ""early_stopping_rounds"": 50, ""eval_metric"": ""auc"", ""objective"": ""binary:logistic""}"
xgb,gender,83,0.872113,228.27,"{""n_estimators"": 800, ""learning_rate"": 0.010208576298926603, ""max_depth"": 8, ""min_child_weight"": 0.8655352182993798, ""subsample"": 0.5, ""colsample_bytree"": 0.9, ""colsample_bylevel"": 0.6, ""reg_alpha"": 0.0004701614764235007, ""reg_lambda"": 0.5670411409513327, ""gamma"": 0.13683286757699292, ""max_bin"": 512, ""tree_method"": ""hist"", ""random_state"": 42, ""n_jobs"": -1, ""verbosity"": 0, ""early_stopping_rounds"": 50, ""eval_metric"": ""auc"", ""objective"": ""binary:logistic""}"
xgb,gender,84,0.863592,30.61,"{""n_estimators"": 400, ""learning_rate"": 0.02090320616544179, ""max_depth"": 6, ""min_child_weight"": 4.9125605212565855, ""subsample"": 0.7, ""colsample_bytree"": 0.8, ""colsample_bylevel"": 0.8, ""reg_alpha"": 0.04913387088327994, ""reg_lambda"": 0.8411095056870574, ""gamma"": 0.16447505350354613, ""max_bin"": 128, ""tree_method"": ""hist"", ""random_state"": 42, ""n_jobs"": -1, ""verbosity"": 0, ""early_stopping_rounds"": 50, ""eval_metric"": ""auc"", ""objective"": ""binary:logistic""}"
xgb,gender,85,0.855763,57.64,"{""n_estimators"": 800, ""learning_rate"": 0.016457588450544066, ""max_depth"": 4, ""min_child_weight"": 6.000315275894999, ""subsample"": 0.9, ""colsample_bytree"": 0.9, ""colsample_bylevel"": 1.0, ""reg_alpha"": 3.240788483959689, ""reg_lambda"": 0.3749041024793808, ""gamma"": 0.0027271744415888685, ""max_bin"": 256, ""tree_method"": ""hist"", ""random_state"": 42, ""n_jobs"": -1, ""verbosity"": 0, ""early_stopping_rounds"": 50, ""eval_metric"": ""auc"", ""objective"": ""binary:logistic""}"
xgb,gender,86,0.828783,42.53,"{""n_estimators"": 600, ""learning_rate"": 0.009467230162807238, ""max_depth"": 3, ""min_child_weight"": 1.1579303928691853, ""subsample"": 0.6, ""colsample_bytree"": 1.0, ""colsample_bylevel"": 0.6, ""reg_alpha"": 0.6870074935511931, ""reg_lambda"": 5.914083299266217, ""gamma"": 0.16556849473432655, ""max_bin"": 512, ""tree_method"": ""hist"", ""random_state"": 42, ""n_jobs"": -1, ""verbosity"": 0, ""early_stopping_rounds"": 50, ""eval_metric"": ""auc"", ""objective"": ""binary:logistic""}"
xgb,gender,87,0.872930,69.19,"{""n_estimators"": 600, ""learning_rate"": 0.023040691352441717, ""max_depth"": 10, ""min_child_weight"": 0.5616484833488267, ""subsample"": 0.7, ""colsample_bytree"": 1.0, ""colsample_bylevel"": 0.8, ""reg_alpha"": 1.0540885123794725, ""reg_lambda"": 0.0023408672495282973, ""gamma"": 0.8546188181423496, ""max_bin"": 128, ""tree_method"": ""hist"", ""random_state"": 42, ""n_jobs"": -1, ""verbosity"": 0, ""early_stopping_rounds"": 50, ""eval_metric"": ""auc"", ""objective"": ""binary:logistic""}"
xgb,gender,88,0.869925,99.93,"{""n_estimators"": 800, ""learning_rate"": 0.060296355886782636, ""max_depth"": 12, ""min_child_weight"": 2.89539489507321, ""subsample"": 1.0, ""colsample_bytree"": 0.7, ""colsample_bylevel"": 0.8, ""reg_alpha"": 0.00012061789712090667, ""reg_lambda"": 8.226110405581066, ""gamma"": 0.44474000364787686, ""max_bin"": 512, ""tree_method"": ""hist"", ""random_state"": 42, ""n_jobs"": -1, ""verbosity"": 0, ""early_stopping_rounds"": 50, ""eval_metric"": ""auc"", ""objective"": ""binary:logistic""}"
xgb,gender,89,0.852155,146.73,"{""n_estimators"": 1200, ""learning_rate"": 0.011760110987027885, ""max_depth"": 8, ""min_child_weight"": 23.21266747423915, ""subsample"": 0.5, ""colsample_bytree"": 0.8, ""colsample_bylevel"": 0.6, ""reg_alpha"": 4.425570703426897, ""reg_lambda"": 0.011042577318497806, ""gamma"": 0.0006920057285459224, ""max_bin"": 512, ""tree_method"": ""hist"", ""random_state"": 42, ""n_jobs"": -1, ""verbosity"": 0, ""early_stopping_rounds"": 50, ""eval_metric"": ""auc"", ""objective"": ""binary:logistic""}"
xgb,gender,90,0.867690,216.83,"{""n_estimators"": 2400, ""learning_rate"": 0.011608406684912346, ""max_depth"": 8, ""min_child_weight"": 5.563109036800705, ""subsample"": 0.5, ""colsample_bytree"": 0.9, ""colsample_bylevel"": 1.0, ""reg_alpha"": 0.0009591485844199986, ""reg_lambda"": 0.0009882237013430228, ""gamma"": 0.008718351517519334, ""max_bin"": 512, ""tree_method"": ""hist"", ""random_state"": 42, ""n_jobs"": -1, ""verbosity"": 0, ""early_stopping_rounds"": 50, ""eval_metric"": ""auc"", ""objective"": ""binary:logistic""}"
xgb,gender,91,0.867012,117.64,"{""n_estimators"": 3500, ""learning_rate"": 0.024549657668417862, ""max_depth"": 8, ""min_child_weight"": 16.545200963098125, ""subsample"": 0.8, ""colsample_bytree"": 0.5, ""colsample_bylevel"": 0.6, ""reg_alpha"": 0.00022689776252065845, ""reg_lambda"": 0.0021488204028609027, ""gamma"": 0.12098381676003948, ""max_bin"": 512, ""tree_method"": ""hist"", ""random_state"": 42, ""n_jobs"": -1, ""verbosity"": 0, ""early_stopping_rounds"": 50, ""eval_metric"": ""auc"", ""objective"": ""binary:logistic""}"
xgb,gender,92,0.870328,73.08,"{""n_estimators"": 1600, ""learning_rate"": 0.010219698520095114, ""max_depth"": 7, ""min_child_weight"": 6.155467080707586, ""subsample"": 0.8, ""colsample_bytree"": 0.4, ""colsample_bylevel"": 0.6, ""reg_alpha"": 0.037301029347700715, ""reg_lambda"": 0.08655572839588387, ""gamma"": 0.00016265387076109465, ""max_bin"": 128, ""tree_method"": ""hist"", ""random_state"": 42, ""n_jobs"": -1, ""verbosity"": 0, ""early_stopping_rounds"": 50, ""eval_metric"": ""auc"", ""objective"": ""binary:logistic""}"
xgb,gender,93,0.858642,24.04,"{""n_estimators"": 800, ""learning_rate"": 0.034886494421756044, ""max_depth"": 4, ""min_child_weight"": 5.5620197126961335, ""subsample"": 0.8, ""colsample_bytree"": 0.6, ""colsample_bylevel"": 0.6, ""reg_alpha"": 0.00043213073375669134, ""reg_lambda"": 0.020115571473509345, ""gamma"": 0.0002750987357864136, ""max_bin"": 128, ""tree_method"": ""hist"", ""random_state"": 42, ""n_jobs"": -1, ""verbosity"": 0, ""early_stopping_rounds"": 50, ""eval_metric"": ""auc"", ""objective"": ""binary:logistic""}"
xgb,gender,94,0.867137,203.67,"{""n_estimators"": 1200, ""learning_rate"": 0.0034973686612578235, ""max_depth"": 10, ""min_child_weight"": 2.0999457346312274, ""subsample"": 0.8, ""colsample_bytree"": 0.8, ""colsample_bylevel"": 0.8, ""reg_alpha"": 0.016856644701257698, ""reg_lambda"": 0.2357460978455774, ""gamma"": 0.0002565905649901647, ""max_bin"": 128, ""tree_method"": ""hist"", ""random_state"": 42, ""n_jobs"": -1, ""verbosity"": 0, ""early_stopping_rounds"": 50, ""eval_metric"": ""auc"", ""objective"": ""binary:logistic""}"
xgb,gender,95,0.861675,110.38,"{""n_estimators"": 1200, ""learning_rate"": 0.02898287344850699, ""max_depth"": 8, ""min_child_weight"": 27.00365795286273, ""subsample"": 0.7, ""colsample_bytree"": 0.6, ""colsample_bylevel"": 1.0, ""reg_alpha"": 0.1199001407770614, ""reg_lambda"": 0.008738569784983115, ""gamma"": 0.07121574390573798, ""max_bin"": 512, ""tree_method"": ""hist"", ""random_state"": 42, ""n_jobs"": -1, ""verbosity"": 0, ""early_stopping_rounds"": 50, ""eval_metric"": ""auc"", ""objective"": ""binary:logistic""}"
xgb,gender,96,0.865535,47.53,"{""n_estimators"": 400, ""learning_rate"": 0.018760605226153276, ""max_depth"": 6, ""min_child_weight"": 2.974037566829435, ""subsample"": 0.9, ""colsample_bytree"": 0.7, ""colsample_bylevel"": 0.8, ""reg_alpha"": 0.33485194551654085, ""reg_lambda"": 0.00019953472382797278, ""gamma"": 0.022240687114921543, ""max_bin"": 256, ""tree_method"": ""hist"", ""random_state"": 42, ""n_jobs"": -1, ""verbosity"": 0, ""early_stopping_rounds"": 50, ""eval_metric"": ""auc"", ""objective"": ""binary:logistic""}"
xgb,gender,97,0.871694,84.92,"{""n_estimators"": 400, ""learning_rate"": 0.043562774893920374, ""max_depth"": 10, ""min_child_weight"": 1.7289989971492168, ""subsample"": 0.8, ""colsample_bytree"": 0.6, ""colsample_bylevel"": 1.0, ""reg_alpha"": 0.006615102848048887, ""reg_lambda"": 0.008840556505546502, ""gamma"": 0.8634050303796708, ""max_bin"": 512, ""tree_method"": ""hist"", ""random_state"": 42, ""n_jobs"": -1, ""verbosity"": 0, ""early_stopping_rounds"": 50, ""eval_metric"": ""auc"", ""objective"": ""binary:logistic""}"
xgb,gender,98,0.858916,64.20,"{""n_estimators"": 1200, ""learning_rate"": 0.014129037590718988, ""max_depth"": 4, ""min_child_weight"": 1.1739793534046243, ""subsample"": 0.6, ""colsample_bytree"": 0.4, ""colsample_bylevel"": 0.6, ""reg_alpha"": 0.01404575404448535, ""reg_lambda"": 0.00023500331106962203, ""gamma"": 0.1446225381112617, ""max_bin"": 256, ""tree_method"": ""hist"", ""random_state"": 42, ""n_jobs"": -1, ""verbosity"": 0, ""early_stopping_rounds"": 50, ""eval_metric"": ""auc"", ""objective"": ""binary:logistic""}"
xgb,gender,99,0.872301,89.48,"{""n_estimators"": 1200, ""learning_rate"": 0.07674269651418722, ""max_depth"": 8, ""min_child_weight"": 1.2481377686827344, ""subsample"": 0.9, ""colsample_bytree"": 0.6, ""colsample_bylevel"": 1.0, ""reg_alpha"": 2.4894311853422004, ""reg_lambda"": 0.15316231561780777, ""gamma"": 0.0005797311919275357, ""max_bin"": 512, ""tree_method"": ""hist"", ""random_state"": 42, ""n_jobs"": -1, ""verbosity"": 0, ""early_stopping_rounds"": 50, ""eval_metric"": ""auc"", ""objective"": ""binary:logistic""}"
xgb,gender,100,0.785433,17.63,"{""n_estimators"": 400, ""learning_rate"": 0.003582283814168595, ""max_depth"": 4, ""min_child_weight"": 9.16498523715988, ""subsample"": 0.5, ""colsample_bytree"": 0.8, ""colsample_bylevel"": 0.8, ""reg_alpha"": 0.01674463632916533, ""reg_lambda"": 0.23837260435741045, ""gamma"": 0.2558093690784392, ""max_bin"": 256, ""tree_method"": ""hist"", ""random_state"": 42, ""n_jobs"": -1, ""verbosity"": 0, ""early_stopping_rounds"": 50, ""eval_metric"": ""auc"", ""objective"": ""binary:logistic""}"
xgb,gender,101,0.861539,63.55,"{""n_estimators"": 1200, ""learning_rate"": 0.009483420807586367, ""max_depth"": 5, ""min_child_weight"": 6.291414888928594, ""subsample"": 0.7, ""colsample_bytree"": 0.7, ""colsample_bylevel"": 0.8, ""reg_alpha"": 0.00639249327920187, ""reg_lambda"": 1.142205318652697, ""gamma"": 0.006397127309581019, ""max_bin"": 128, ""tree_method"": ""hist"", ""random_state"": 42, ""n_jobs"": -1, ""verbosity"": 0, ""early_stopping_rounds"": 50, ""eval_metric"": ""auc"", ""objective"": ""binary:logistic""}"
xgb,gender,102,0.848521,107.95,"{""n_estimators"": 2400, ""learning_rate"": 0.0038639150795265254, ""max_depth"": 4, ""min_child_weight"": 9.507851220300559, ""subsample"": 0.8, ""colsample_bytree"": 0.8, ""colsample_bylevel"": 1.0, ""reg_alpha"": 0.0001112320024277648, ""reg_lambda"": 6.686151195111849, ""gamma"": 0.27201502217518836, ""max_bin"": 128, ""tree_method"": ""hist"", ""random_state"": 42, ""n_jobs"": -1, ""verbosity"": 0, ""early_stopping_rounds"": 50, ""eval_metric"": ""auc"", ""objective"": ""binary:logistic""}"
xgb,gender,103,0.849055,47.79,"{""n_estimators"": 2400, ""learning_rate"": 0.014300067524002884, ""max_depth"": 4, ""min_child_weight"": 24.85494205838903, ""subsample"": 0.5, ""colsample_bytree"": 0.4, ""colsample_bylevel"": 0.6, ""reg_alpha"": 0.005139362399899557, ""reg_lambda"": 0.0624235640370883, ""gamma"": 0.5455038741751962, ""max_bin"": 128, ""tree_method"": ""hist"", ""random_state"": 42, ""n_jobs"": -1, ""verbosity"": 0, ""early_stopping_rounds"": 50, ""eval_metric"": ""auc"", ""objective"": ""binary:logistic""}"
xgb,gender,104,0.844341,24.33,"{""n_estimators"": 400, ""learning_rate"": 0.008110184489642548, ""max_depth"": 5, ""min_child_weight"": 5.222053327633201, ""subsample"": 0.9, ""colsample_bytree"": 0.8, ""colsample_bylevel"": 0.8, ""reg_alpha"": 0.00010735577999485839, ""reg_lambda"": 0.7698654897616387, ""gamma"": 0.17405889837605942, ""max_bin"": 128, ""tree_method"": ""hist"", ""random_state"": 42, ""n_jobs"": -1, ""verbosity"": 0, ""early_stopping_rounds"": 50, ""eval_metric"": ""auc"", ""objective"": ""binary:logistic""}"
xgb,gender,105,0.821083,16.22,"{""n_estimators"": 400, ""learning_rate"": 0.008954890446343188, ""max_depth"": 3, ""min_child_weight"": 3.9175641147411957, ""subsample"": 1.0, ""colsample_bytree"": 0.9, ""colsample_bylevel"": 0.8, ""reg_alpha"": 0.005360074737606231, ""reg_lambda"": 0.0055431321217496885, ""gamma"": 0.016294811142749728, ""max_bin"": 128, ""tree_method"": ""hist"", ""random_state"": 42, ""n_jobs"": -1, ""verbosity"": 0, ""early_stopping_rounds"": 50, ""eval_metric"": ""auc"", ""objective"": ""binary:logistic""}"
xgb,gender,106,0.870777,232.65,"{""n_estimators"": 600, ""learning_rate"": 0.011350983048756376, ""max_depth"": 12, ""min_child_weight"": 3.3175704819160488, ""subsample"": 0.9, ""colsample_bytree"": 0.6, ""colsample_bylevel"": 0.6, ""reg_alpha"": 0.0007872221430107346, ""reg_lambda"": 0.056001833809665794, ""gamma"": 0.017315975064388024, ""max_bin"": 512, ""tree_method"": ""hist"", ""random_state"": 42, ""n_jobs"": -1, ""verbosity"": 0, ""early_stopping_rounds"": 50, ""eval_metric"": ""auc"", ""objective"": ""binary:logistic""}"
xgb,gender,107,0.856633,107.60,"{""n_estimators"": 400, ""learning_rate"": 0.004593964673121382, ""max_depth"": 8, ""min_child_weight"": 4.643893610056646, ""subsample"": 0.7, ""colsample_bytree"": 0.4, ""colsample_bylevel"": 1.0, ""reg_alpha"": 0.0027148758956296523, ""reg_lambda"": 0.00024677569855699406, ""gamma"": 0.7162063674622989, ""max_bin"": 512, ""tree_method"": ""hist"", ""random_state"": 42, ""n_jobs"": -1, ""verbosity"": 0, ""early_stopping_rounds"": 50, ""eval_metric"": ""auc"", ""objective"": ""binary:logistic""}"
xgb,gender,108,0.821675,58.37,"{""n_estimators"": 1600, ""learning_rate"": 0.0035805896797251936, ""max_depth"": 4, ""min_child_weight"": 1.9599369014815544, ""subsample"": 1.0, ""colsample_bytree"": 0.9, ""colsample_bylevel"": 0.6, ""reg_alpha"": 0.0378501807457802, ""reg_lambda"": 0.01531707027441911, ""gamma"": 0.00036776451975012437, ""max_bin"": 128, ""tree_method"": ""hist"", ""random_state"": 42, ""n_jobs"": -1, ""verbosity"": 0, ""early_stopping_rounds"": 50, ""eval_metric"": ""auc"", ""objective"": ""binary:logistic""}"
xgb,gender,109,0.873412,225.84,"{""n_estimators"": 2400, ""learning_rate"": 0.010973439980322552, ""max_depth"": 12, ""min_child_weight"": 2.1369582569254293, ""subsample"": 0.6, ""colsample_bytree"": 1.0, ""colsample_bylevel"": 0.8, ""reg_alpha"": 0.18566643483112677, ""reg_lambda"": 1.2476383098805492, ""gamma"": 0.03558214826689854, ""max_bin"": 256, ""tree_method"": ""hist"", ""random_state"": 42, ""n_jobs"": -1, ""verbosity"": 0, ""early_stopping_rounds"": 50, ""eval_metric"": ""auc"", ""objective"": ""binary:logistic""}"
xgb,gender,110,0.845362,92.34,"{""n_estimators"": 2400, ""learning_rate"": 0.016189588006149412, ""max_depth"": 3, ""min_child_weight"": 23.16172424339526, ""subsample"": 0.7, ""colsample_bytree"": 0.4, ""colsample_bylevel"": 0.6, ""reg_alpha"": 0.00040768845942948894, ""reg_lambda"": 0.046712279364634374, ""gamma"": 0.01804312914875993, ""max_bin"": 512, ""tree_method"": ""hist"", ""random_state"": 42, ""n_jobs"": -1, ""verbosity"": 0, ""early_stopping_rounds"": 50, ""eval_metric"": ""auc"", ""objective"": ""binary:logistic""}"
xgb,gender,111,0.840827,55.26,"{""n_estimators"": 1200, ""learning_rate"": 0.00629256928805227, ""max_depth"": 5, ""min_child_weight"": 1.5342496672466683, ""subsample"": 0.8, ""colsample_bytree"": 0.5, ""colsample_bylevel"": 0.8, ""reg_alpha"": 0.170207473908863, ""reg_lambda"": 2.561098565204352, ""gamma"": 0.0008366700266225553, ""max_bin"": 128, ""tree_method"": ""hist"", ""random_state"": 42, ""n_jobs"": -1, ""verbosity"": 0, ""early_stopping_rounds"": 50, ""eval_metric"": ""auc"", ""objective"": ""binary:logistic""}"
xgb,gender,112,0.875054,606.35,"{""n_estimators"": 1200, ""learning_rate"": 0.00990617108866356, ""max_depth"": 10, ""min_child_weight"": 0.6556136952711894, ""subsample"": 0.6, ""colsample_bytree"": 0.9, ""colsample_bylevel"": 1.0, ""reg_alpha"": 1.3160752574402788, ""reg_lambda"": 0.01722557701285641, ""gamma"": 0.008051181682891938, ""max_bin"": 512, ""tree_method"": ""hist"", ""random_state"": 42, ""n_jobs"": -1, ""verbosity"": 0, ""early_stopping_rounds"": 50, ""eval_metric"": ""auc"", ""objective"": ""binary:logistic""}"
xgb,gender,113,0.871931,387.38,"{""n_estimators"": 2400, ""learning_rate"": 0.006516131001893915, ""max_depth"": 10, ""min_child_weight"": 4.001444948847712, ""subsample"": 0.9, ""colsample_bytree"": 0.4, ""colsample_bylevel"": 0.6, ""reg_alpha"": 0.5017861679164313, ""reg_lambda"": 0.00010255086780891983, ""gamma"": 0.0020311550615338997, ""max_bin"": 512, ""tree_method"": ""hist"", ""random_state"": 42, ""n_jobs"": -1, ""verbosity"": 0, ""early_stopping_rounds"": 50, ""eval_metric"": ""auc"", ""objective"": ""binary:logistic""}"
xgb,gender,114,0.819042,17.04,"{""n_estimators"": 400, ""learning_rate"": 0.0037348937697850733, ""max_depth"": 4, ""min_child_weight"": 13.166857542442681, ""subsample"": 0.9, ""colsample_bytree"": 0.8, ""colsample_bylevel"": 0.6, ""reg_alpha"": 0.00015340607003782228, ""reg_lambda"": 0.00010489319325877171, ""gamma"": 0.030253140517961304, ""max_bin"": 128, ""tree_method"": ""hist"", ""random_state"": 42, ""n_jobs"": -1, ""verbosity"": 0, ""early_stopping_rounds"": 50, ""eval_metric"": ""auc"", ""objective"": ""binary:logistic""}"
xgb,gender,115,0.869374,139.32,"{""n_estimators"": 800, ""learning_rate"": 0.004361864506018335, ""max_depth"": 10, ""min_child_weight"": 0.9437526802116321, ""subsample"": 0.9, ""colsample_bytree"": 0.5, ""colsample_bylevel"": 0.6, ""reg_alpha"": 0.02061370046411232, ""reg_lambda"": 0.41527749417712984, ""gamma"": 0.0010231334309292735, ""max_bin"": 128, ""tree_method"": ""hist"", ""random_state"": 42, ""n_jobs"": -1, ""verbosity"": 0, ""early_stopping_rounds"": 50, ""eval_metric"": ""auc"", ""objective"": ""binary:logistic""}"
xgb,gender,116,0.809341,50.21,"{""n_estimators"": 600, ""learning_rate"": 0.004475214057511486, ""max_depth"": 4, ""min_child_weight"": 2.1423577299824976, ""subsample"": 0.8, ""colsample_bytree"": 0.6, ""colsample_bylevel"": 1.0, ""reg_alpha"": 2.769896472725758, ""reg_lambda"": 0.0006999452149090894, ""gamma"": 0.005427623198858798, ""max_bin"": 512, ""tree_method"": ""hist"", ""random_state"": 42, ""n_jobs"": -1, ""verbosity"": 0, ""early_stopping_rounds"": 50, ""eval_metric"": ""auc"", ""objective"": ""binary:logistic""}"
xgb,gender,117,0.855846,18.36,"{""n_estimators"": 400, ""learning_rate"": 0.06077918283996703, ""max_depth"": 4, ""min_child_weight"": 5.847078455807977, ""subsample"": 0.7, ""colsample_bytree"": 1.0, ""colsample_bylevel"": 0.6, ""reg_alpha"": 1.0466555076338488, ""reg_lambda"": 9.885483481362833, ""gamma"": 0.5388841690280441, ""max_bin"": 128, ""tree_method"": ""hist"", ""random_state"": 42, ""n_jobs"": -1, ""verbosity"": 0, ""early_stopping_rounds"": 50, ""eval_metric"": ""auc"", ""objective"": ""binary:logistic""}"
xgb,gender,118,0.861051,94.91,"{""n_estimators"": 3500, ""learning_rate"": 0.01497919228276797, ""max_depth"": 5, ""min_child_weight"": 10.742385089664062, ""subsample"": 0.5, ""colsample_bytree"": 0.7, ""colsample_bylevel"": 0.8, ""reg_alpha"": 0.004211009996091505, ""reg_lambda"": 4.307637383462031, ""gamma"": 0.005073511274408124, ""max_bin"": 256, ""tree_method"": ""hist"", ""random_state"": 42, ""n_jobs"": -1, ""verbosity"": 0, ""early_stopping_rounds"": 50, ""eval_metric"": ""auc"", ""objective"": ""binary:logistic""}"
xgb,gender,119,0.871829,196.18,"{""n_estimators"": 800, ""learning_rate"": 0.00975156473790356, ""max_depth"": 7, ""min_child_weight"": 1.5888775811128553, ""subsample"": 0.9, ""colsample_bytree"": 0.6, ""colsample_bylevel"": 1.0, ""reg_alpha"": 0.002824860220304017, ""reg_lambda"": 0.0006481493571490379, ""gamma"": 0.00023699639659096152, ""max_bin"": 512, ""tree_method"": ""hist"", ""random_state"": 42, ""n_jobs"": -1, ""verbosity"": 0, ""early_stopping_rounds"": 50, ""eval_metric"": ""auc"", ""objective"": ""binary:logistic""}"
xgb,gender,120,0.863126,235.03,"{""n_estimators"": 2400, ""learning_rate"": 0.005620849973429823, ""max_depth"": 10, ""min_child_weight"": 20.63189523598661, ""subsample"": 1.0, ""colsample_bytree"": 1.0, ""colsample_bylevel"": 0.6, ""reg_alpha"": 0.060693734715224934, ""reg_lambda"": 0.01798583516464992, ""gamma"": 0.007744972456202579, ""max_bin"": 256, ""tree_method"": ""hist"", ""random_state"": 42, ""n_jobs"": -1, ""verbosity"": 0, ""early_stopping_rounds"": 50, ""eval_metric"": ""auc"", ""objective"": ""binary:logistic""}"
xgb,gender,121,0.860589,25.58,"{""n_estimators"": 3500, ""learning_rate"": 0.04868024274222402, ""max_depth"": 4, ""min_child_weight"": 3.4297222573828603, ""subsample"": 0.9, ""colsample_bytree"": 0.7, ""colsample_bylevel"": 0.8, ""reg_alpha"": 0.042240222206160936, ""reg_lambda"": 0.0007444560778309022, ""gamma"": 0.00016897697519901398, ""max_bin"": 128, ""tree_method"": ""hist"", ""random_state"": 42, ""n_jobs"": -1, ""verbosity"": 0, ""early_stopping_rounds"": 50, ""eval_metric"": ""auc"", ""objective"": ""binary:logistic""}"
xgb,gender,122,0.858646,56.32,"{""n_estimators"": 1600, ""learning_rate"": 0.052514328181862885, ""max_depth"": 8, ""min_child_weight"": 12.243839393367507, ""subsample"": 0.5, ""colsample_bytree"": 0.5, ""colsample_bylevel"": 0.8, ""reg_alpha"": 0.0032606289741554336, ""reg_lambda"": 0.0005047365023443198, ""gamma"": 0.2511621894226729, ""max_bin"": 512, ""tree_method"": ""hist"", ""random_state"": 42, ""n_jobs"": -1, ""verbosity"": 0, ""early_stopping_rounds"": 50, ""eval_metric"": ""auc"", ""objective"": ""binary:logistic""}"
xgb,gender,123,0.874390,41.28,"{""n_estimators"": 400, ""learning_rate"": 0.037624289835060665, ""max_depth"": 8, ""min_child_weight"": 1.2491548073704868, ""subsample"": 0.8, ""colsample_bytree"": 0.6, ""colsample_bylevel"": 0.6, ""reg_alpha"": 0.008632127343826974, ""reg_lambda"": 0.0004926307432235469, ""gamma"": 0.003263536511523785, ""max_bin"": 128, ""tree_method"": ""hist"", ""random_state"": 42, ""n_jobs"": -1, ""verbosity"": 0, ""early_stopping_rounds"": 50, ""eval_metric"": ""auc"", ""objective"": ""binary:logistic""}"
xgb,gender,124,0.869754,337.66,"{""n_estimators"": 400, ""learning_rate"": 0.004269898192093794, ""max_depth"": 12, ""min_child_weight"": 0.6995007293475487, ""subsample"": 1.0, ""colsample_bytree"": 0.5, ""colsample_bylevel"": 0.8, ""reg_alpha"": 0.003054490084954971, ""reg_lambda"": 0.0017255774059852357, ""gamma"": 0.03224556225855958, ""max_bin"": 512, ""tree_method"": ""hist"", ""random_state"": 42, ""n_jobs"": -1, ""verbosity"": 0, ""early_stopping_rounds"": 50, ""eval_metric"": ""auc"", ""objective"": ""binary:logistic""}"
xgb,gender,125,0.837550,27.93,"{""n_estimators"": 800, ""learning_rate"": 0.01245788286983947, ""max_depth"": 3, ""min_child_weight"": 15.62781037385175, ""subsample"": 0.7, ""colsample_bytree"": 0.7, ""colsample_bylevel"": 0.8, ""reg_alpha"": 0.0017516579516700039, ""reg_lambda"": 0.00023357972263798743, ""gamma"": 0.011398122604108336, ""max_bin"": 128, ""tree_method"": ""hist"", ""random_state"": 42, ""n_jobs"": -1, ""verbosity"": 0, ""early_stopping_rounds"": 50, ""eval_metric"": ""auc"", ""objective"": ""binary:logistic""}"
xgb,gender,126,0.875146,162.36,"{""n_estimators"": 3500, ""learning_rate"": 0.004628842789312058, ""max_depth"": 8, ""min_child_weight"": 1.0778045735752069, ""subsample"": 1.0, ""colsample_bytree"": 0.4, ""colsample_bylevel"": 0.6, ""reg_alpha"": 0.12478882469473598, ""reg_lambda"": 0.07369548993154082, ""gamma"": 0.00015167269081425394, ""max_bin"": 128, ""tree_method"": ""hist"", ""random_state"": 42, ""n_jobs"": -1, ""verbosity"": 0, ""early_stopping_rounds"": 50, ""eval_metric"": ""auc"", ""objective"": ""binary:logistic""}"
xgb,gender,127,0.874158,243.85,"{""n_estimators"": 1200, ""learning_rate"": 0.006315466367027451, ""max_depth"": 8, ""min_child_weight"": 1.8360629603162402, ""subsample"": 0.9, ""colsample_bytree"": 1.0, ""colsample_bylevel"": 0.6, ""reg_alpha"": 0.15490690941039584, ""reg_lambda"": 0.038211781906472266, ""gamma"": 0.000292814386602012, ""max_bin"": 256, ""tree_method"": ""hist"", ""random_state"": 42, ""n_jobs"": -1, ""verbosity"": 0, ""early_stopping_rounds"": 50, ""eval_metric"": ""auc"", ""objective"": ""binary:logistic""}"
xgb,gender,128,0.869354,90.17,"{""n_estimators"": 1600, ""learning_rate"": 0.020043046131823866, ""max_depth"": 6, ""min_child_weight"": 2.8679080211240153, ""subsample"": 1.0, ""colsample_bytree"": 0.6, ""colsample_bylevel"": 0.8, ""reg_alpha"": 0.07901701093601572, ""reg_lambda"": 0.0004148180451253138, ""gamma"": 0.07078670346212161, ""max_bin"": 256, ""tree_method"": ""hist"", ""random_state"": 42, ""n_jobs"": -1, ""verbosity"": 0, ""early_stopping_rounds"": 50, ""eval_metric"": ""auc"", ""objective"": ""binary:logistic""}"
xgb,gender,129,0.867134,77.60,"{""n_estimators"": 800, ""learning_rate"": 0.06006254163434661, ""max_depth"": 12, ""min_child_weight"": 6.150733578942695, ""subsample"": 1.0, ""colsample_bytree"": 0.9, ""colsample_bylevel"": 0.6, ""reg_alpha"": 0.01120769542530452, ""reg_lambda"": 0.016728816566467488, ""gamma"": 0.14245451366990045, ""max_bin"": 512, ""tree_method"": ""hist"", ""random_state"": 42, ""n_jobs"": -1, ""verbosity"": 0, ""early_stopping_rounds"": 50, ""eval_metric"": ""auc"", ""objective"": ""binary:logistic""}"
xgb,gender,130,0.859933,168.45,"{""n_estimators"": 600, ""learning_rate"": 0.011362300885597584, ""max_depth"": 12, ""min_child_weight"": 13.884534782250503, ""subsample"": 0.9, ""colsample_bytree"": 1.0, ""colsample_bylevel"": 1.0, ""reg_alpha"": 4.138204315077059, ""reg_lambda"": 0.37335446301587394, ""gamma"": 0.0003526246919953523, ""max_bin"": 512, ""tree_method"": ""hist"", ""random_state"": 42, ""n_jobs"": -1, ""verbosity"": 0, ""early_stopping_rounds"": 50, ""eval_metric"": ""auc"", ""objective"": ""binary:logistic""}"
xgb,gender,131,0.864145,108.37,"{""n_estimators"": 1200, ""learning_rate"": 0.012485244287952628, ""max_depth"": 10, ""min_child_weight"": 10.143090813597432, ""subsample"": 0.5, ""colsample_bytree"": 0.6, ""colsample_bylevel"": 0.6, ""reg_alpha"": 0.8777195672157884, ""reg_lambda"": 0.0014932872675955883, ""gamma"": 0.601882984574599, ""max_bin"": 256, ""tree_method"": ""hist"", ""random_state"": 42, ""n_jobs"": -1, ""verbosity"": 0, ""early_stopping_rounds"": 50, ""eval_metric"": ""auc"", ""objective"": ""binary:logistic""}"
xgb,gender,132,0.858436,25.78,"{""n_estimators"": 3500, ""learning_rate"": 0.07817003041159168, ""max_depth"": 6, ""min_child_weight"": 14.791898298285192, ""subsample"": 0.7, ""colsample_bytree"": 0.9, ""colsample_bylevel"": 0.6, ""reg_alpha"": 0.0009122278198417508, ""reg_lambda"": 0.014465122283528427, ""gamma"": 0.018242003112128057, ""max_bin"": 256, ""tree_method"": ""hist"", ""random_state"": 42, ""n_jobs"": -1, ""verbosity"": 0, ""early_stopping_rounds"": 50, ""eval_metric"": ""auc"", ""objective"": ""binary:logistic""}"
xgb,gender,133,0.861583,25.52,"{""n_estimators"": 2400, ""learning_rate"": 0.05590219886029933, ""max_depth"": 4, ""min_child_weight"": 3.377360522890454, ""subsample"": 1.0, ""colsample_bytree"": 0.4, ""colsample_bylevel"": 1.0, ""reg_alpha"": 0.00014618599830438432, ""reg_lambda"": 0.0006559412435848228, ""gamma"": 0.0002399214026345634, ""max_bin"": 128, ""tree_method"": ""hist"", ""random_state"": 42, ""n_jobs"": -1, ""verbosity"": 0, ""early_stopping_rounds"": 50, ""eval_metric"": ""auc"", ""objective"": ""binary:logistic""}"
xgb,gender,134,0.869628,64.26,"{""n_estimators"": 2400, ""learning_rate"": 0.03825508558237367, ""max_depth"": 7, ""min_child_weight"": 4.246536306811384, ""subsample"": 1.0, ""colsample_bytree"": 0.6, ""colsample_bylevel"": 0.8, ""reg_alpha"": 0.9350593216214983, ""reg_lambda"": 0.39788553527929627, ""gamma"": 0.1028118156853088, ""max_bin"": 256, ""tree_method"": ""hist"", ""random_state"": 42, ""n_jobs"": -1, ""verbosity"": 0, ""early_stopping_rounds"": 50, ""eval_metric"": ""auc"", ""objective"": ""binary:logistic""}"
xgb,gender,135,0.859489,68.15,"{""n_estimators"": 600, ""learning_rate"": 0.016330001811650608, ""max_depth"": 5, ""min_child_weight"": 2.925231135457349, ""subsample"": 0.9, ""colsample_bytree"": 0.4, ""colsample_bylevel"": 0.8, ""reg_alpha"": 0.001249672282859128, ""reg_lambda"": 5.263842125168613, ""gamma"": 0.048861071769009314, ""max_bin"": 512, ""tree_method"": ""hist"", ""random_state"": 42, ""n_jobs"": -1, ""verbosity"": 0, ""early_stopping_rounds"": 50, ""eval_metric"": ""auc"", ""objective"": ""binary:logistic""}"
xgb,gender,136,0.864353,113.49,"{""n_estimators"": 1200, ""learning_rate"": 0.013864672288434812, ""max_depth"": 12, ""min_child_weight"": 20.895528604528728, ""subsample"": 0.8, ""colsample_bytree"": 0.4, ""colsample_bylevel"": 1.0, ""reg_alpha"": 0.11086250572275078, ""reg_lambda"": 0.06755763829441516, ""gamma"": 0.00033235579736915014, ""max_bin"": 256, ""tree_method"": ""hist"", ""random_state"": 42, ""n_jobs"": -1, ""verbosity"": 0, ""early_stopping_rounds"": 50, ""eval_metric"": ""auc"", ""objective"": ""binary:logistic""}"
xgb,gender,137,0.852884,39.51,"{""n_estimators"": 2400, ""learning_rate"": 0.03518699983792027, ""max_depth"": 3, ""min_child_weight"": 3.9579362569143766, ""subsample"": 0.6, ""colsample_bytree"": 0.5, ""colsample_bylevel"": 1.0, ""reg_alpha"": 0.0015780117204859641, ""reg_lambda"": 0.0018139743507325325, ""gamma"": 0.00015671757335608154, ""max_bin"": 256, ""tree_method"": ""hist"", ""random_state"": 42, ""n_jobs"": -1, ""verbosity"": 0, ""early_stopping_rounds"": 50, ""eval_metric"": ""auc"", ""objective"": ""binary:logistic""}"
xgb,gender,138,0.868992,56.75,"{""n_estimators"": 1600, ""learning_rate"": 0.020695443070051868, ""max_depth"": 10, ""min_child_weight"": 5.8374795182717865, ""subsample"": 0.5, ""colsample_bytree"": 0.9, ""colsample_bylevel"": 0.8, ""reg_alpha"": 0.064323616649734, ""reg_lambda"": 0.0009051182090040752, ""gamma"": 0.05923239922623379, ""max_bin"": 128, ""tree_method"": ""hist"", ""random_state"": 42, ""n_jobs"": -1, ""verbosity"": 0, ""early_stopping_rounds"": 50, ""eval_metric"": ""auc"", ""objective"": ""binary:logistic""}"
xgb,gender,139,0.867220,42.53,"{""n_estimators"": 400, ""learning_rate"": 0.04028976170742214, ""max_depth"": 6, ""min_child_weight"": 3.9507643936642984, ""subsample"": 0.6, ""colsample_bytree"": 0.7, ""colsample_bylevel"": 1.0, ""reg_alpha"": 0.34972217170024666, ""reg_lambda"": 0.005230404106647557, ""gamma"": 0.6072990286886226, ""max_bin"": 256, ""tree_method"": ""hist"", ""random_state"": 42, ""n_jobs"": -1, ""verbosity"": 0, ""early_stopping_rounds"": 50, ""eval_metric"": ""auc"", ""objective"": ""binary:logistic""}"
xgb,gender,140,0.841760,209.74,"{""n_estimators"": 1600, ""learning_rate"": 0.0037912151069950514, ""max_depth"": 7, ""min_child_weight"": 14.627227619338912, ""subsample"": 1.0, ""colsample_bytree"": 0.5, ""colsample_bylevel"": 0.8, ""reg_alpha"": 0.055570648882894556, ""reg_lambda"": 0.0005343337219815563, ""gamma"": 0.007538444497157064, ""max_bin"": 512, ""tree_method"": ""hist"", ""random_state"": 42, ""n_jobs"": -1, ""verbosity"": 0, ""early_stopping_rounds"": 50, ""eval_metric"": ""auc"", ""objective"": ""binary:logistic""}"
xgb,gender,141,0.850470,121.91,"{""n_estimators"": 3500, ""learning_rate"": 0.012251108272089375, ""max_depth"": 3, ""min_child_weight"": 18.00220455027984, ""subsample"": 0.8, ""colsample_bytree"": 0.9, ""colsample_bylevel"": 1.0, ""reg_alpha"": 1.1081618750921471, ""reg_lambda"": 6.281567396592082, ""gamma"": 0.001411952600265651, ""max_bin"": 256, ""tree_method"": ""hist"", ""random_state"": 42, ""n_jobs"": -1, ""verbosity"": 0, ""early_stopping_rounds"": 50, ""eval_metric"": ""auc"", ""objective"": ""binary:logistic""}"
xgb,gender,142,0.865119,107.29,"{""n_estimators"": 800, ""learning_rate"": 0.010012753551979784, ""max_depth"": 10, ""min_child_weight"": 11.351795014795451, ""subsample"": 0.7, ""colsample_bytree"": 0.8, ""colsample_bylevel"": 0.6, ""reg_alpha"": 0.0008636531451711903, ""reg_lambda"": 0.00011317941510407974, ""gamma"": 0.4289925871995606, ""max_bin"": 256, ""tree_method"": ""hist"", ""random_state"": 42, ""n_jobs"": -1, ""verbosity"": 0, ""early_stopping_rounds"": 50, ""eval_metric"": ""auc"", ""objective"": ""binary:logistic""}"
xgb,gender,143,0.840387,40.77,"{""n_estimators"": 400, ""learning_rate"": 0.013465913181030678, ""max_depth"": 4, ""min_child_weight"": 4.086807037865671, ""subsample"": 0.9, ""colsample_bytree"": 1.0, ""colsample_bylevel"": 0.8, ""reg_alpha"": 0.00236370393239786, ""reg_lambda"": 4.481679418969542, ""gamma"": 0.00021199061922658367, ""max_bin"": 512, ""tree_method"": ""hist"", ""random_state"": 42, ""n_jobs"": -1, ""verbosity"": 0, ""early_stopping_rounds"": 50, ""eval_metric"": ""auc"", ""objective"": ""binary:logistic""}"
xgb,gender,144,0.850309,69.88,"{""n_estimators"": 3500, ""learning_rate"": 0.03145744017412006, ""max_depth"": 3, ""min_child_weight"": 21.465582741742878, ""subsample"": 0.8, ""colsample_bytree"": 0.7, ""colsample_bylevel"": 0.8, ""reg_alpha"": 0.02095107688664127, ""reg_lambda"": 0.00010686470232873765, ""gamma"": 0.00010705724016237138, ""max_bin"": 512, ""tree_method"": ""hist"", ""random_state"": 42, ""n_jobs"": -1, ""verbosity"": 0, ""early_stopping_rounds"": 50, ""eval_metric"": ""auc"", ""objective"": ""binary:logistic""}"
xgb,gender,145,0.860161,77.71,"{""n_estimators"": 2400, ""learning_rate"": 0.014530120035692276, ""max_depth"": 8, ""min_child_weight"": 27.513701147191192, ""subsample"": 0.8, ""colsample_bytree"": 0.8, ""colsample_bylevel"": 1.0, ""reg_alpha"": 0.0031135847487789477, ""reg_lambda"": 0.00027514846746097137, ""gamma"": 0.002078371816032369, ""max_bin"": 128, ""tree_method"": ""hist"", ""random_state"": 42, ""n_jobs"": -1, ""verbosity"": 0, ""early_stopping_rounds"": 50, ""eval_metric"": ""auc"", ""objective"": ""binary:logistic""}"
xgb,gender,146,0.864912,58.08,"{""n_estimators"": 1200, ""learning_rate"": 0.048622559915150375, ""max_depth"": 5, ""min_child_weight"": 3.2691694219168066, ""subsample"": 0.9, ""colsample_bytree"": 0.4, ""colsample_bylevel"": 1.0, ""reg_alpha"": 0.010991827744405904, ""reg_lambda"": 0.00013982190704622235, ""gamma"": 0.7563201429911016, ""max_bin"": 512, ""tree_method"": ""hist"", ""random_state"": 42, ""n_jobs"": -1, ""verbosity"": 0, ""early_stopping_rounds"": 50, ""eval_metric"": ""auc"", ""objective"": ""binary:logistic""}"
xgb,gender,147,0.869647,99.51,"{""n_estimators"": 2400, ""learning_rate"": 0.010217299839893673, ""max_depth"": 10, ""min_child_weight"": 0.8008835793969081, ""subsample"": 0.9, ""colsample_bytree"": 0.5, ""colsample_bylevel"": 1.0, ""reg_alpha"": 0.0030882704300107806, ""reg_lambda"": 0.000122659412298968, ""gamma"": 0.00965113187293672, ""max_bin"": 128, ""tree_method"": ""hist"", ""random_state"": 42, ""n_jobs"": -1, ""verbosity"": 0, ""early_stopping_rounds"": 50, ""eval_metric"": ""auc"", ""objective"": ""binary:logistic""}"
xgb,gender,148,0.846087,83.83,"{""n_estimators"": 1600, ""learning_rate"": 0.0056405561100050395, ""max_depth"": 6, ""min_child_weight"": 2.6963401034213246, ""subsample"": 0.7, ""colsample_bytree"": 0.4, ""colsample_bylevel"": 1.0, ""reg_alpha"": 0.37969075874844965, ""reg_lambda"": 0.03881928478891177, ""gamma"": 0.0008967370318109731, ""max_bin"": 128, ""tree_method"": ""hist"", ""random_state"": 42, ""n_jobs"": -1, ""verbosity"": 0, ""early_stopping_rounds"": 50, ""eval_metric"": ""auc"", ""objective"": ""binary:logistic""}"
xgb,gender,149,0.823492,39.21,"{""n_estimators"": 600, ""learning_rate"": 0.003974713389854344, ""max_depth"": 7, ""min_child_weight"": 2.6774798775885436, ""subsample"": 0.6, ""colsample_bytree"": 1.0, ""colsample_bylevel"": 0.6, ""reg_alpha"": 0.0001424131774276705, ""reg_lambda"": 0.0007292247459971854, ""gamma"": 0.004230524127557258, ""max_bin"": 128, ""tree_method"": ""hist"", ""random_state"": 42, ""n_jobs"": -1, ""verbosity"": 0, ""early_stopping_rounds"": 50, ""eval_metric"": ""auc"", ""objective"": ""binary:logistic""}"
xgb,gender,150,0.868513,148.55,"{""n_estimators"": 600, ""learning_rate"": 0.005145188189870005, ""max_depth"": 12, ""min_child_weight"": 2.3935187513536422, ""subsample"": 0.9, ""colsample_bytree"": 0.9, ""colsample_bylevel"": 0.8, ""reg_alpha"": 0.0006633639565005192, ""reg_lambda"": 0.2513702021320804, ""gamma"": 0.11081658712610325, ""max_bin"": 128, ""tree_method"": ""hist"", ""random_state"": 42, ""n_jobs"": -1, ""verbosity"": 0, ""early_stopping_rounds"": 50, ""eval_metric"": ""auc"", ""objective"": ""binary:logistic""}"
xgb,gender,151,0.865569,66.26,"{""n_estimators"": 3500, ""learning_rate"": 0.03498264311596866, ""max_depth"": 8, ""min_child_weight"": 19.10851941481647, ""subsample"": 0.9, ""colsample_bytree"": 0.7, ""colsample_bylevel"": 0.8, ""reg_alpha"": 0.05822739940164452, ""reg_lambda"": 5.673029419295081, ""gamma"": 0.19136525084080785, ""max_bin"": 256, ""tree_method"": ""hist"", ""random_state"": 42, ""n_jobs"": -1, ""verbosity"": 0, ""early_stopping_rounds"": 50, ""eval_metric"": ""auc"", ""objective"": ""binary:logistic""}"
xgb,gender,152,0.870540,156.43,"{""n_estimators"": 800, ""learning_rate"": 0.004942994519976343, ""max_depth"": 8, ""min_child_weight"": 0.7837787440939208, ""subsample"": 0.8, ""colsample_bytree"": 0.9, ""colsample_bylevel"": 1.0, ""reg_alpha"": 0.4696644849135306, ""reg_lambda"": 0.2246817474132335, ""gamma"": 0.0006796863091004051, ""max_bin"": 128, ""tree_method"": ""hist"", ""random_state"": 42, ""n_jobs"": -1, ""verbosity"": 0, ""early_stopping_rounds"": 50, ""eval_metric"": ""auc"", ""objective"": ""binary:logistic""}"
xgb,gender,153,0.839969,106.47,"{""n_estimators"": 1600, ""learning_rate"": 0.006711895692944483, ""max_depth"": 3, ""min_child_weight"": 5.119077459586865, ""subsample"": 0.5, ""colsample_bytree"": 0.4, ""colsample_bylevel"": 1.0, ""reg_alpha"": 1.3610678084601833, ""reg_lambda"": 0.48516365845166143, ""gamma"": 0.000475745105269916, ""max_bin"": 512, ""tree_method"": ""hist"", ""random_state"": 42, ""n_jobs"": -1, ""verbosity"": 0, ""early_stopping_rounds"": 50, ""eval_metric"": ""auc"", ""objective"": ""binary:logistic""}"
xgb,gender,154,0.872991,457.61,"{""n_estimators"": 800, ""learning_rate"": 0.008036153264761986, ""max_depth"": 12, ""min_child_weight"": 2.1729610800286046, ""subsample"": 0.9, ""colsample_bytree"": 0.9, ""colsample_bylevel"": 0.8, ""reg_alpha"": 0.0021167896047761107, ""reg_lambda"": 0.09191213417257883, ""gamma"": 0.0036021383063079325, ""max_bin"": 512, ""tree_method"": ""hist"", ""random_state"": 42, ""n_jobs"": -1, ""verbosity"": 0, ""early_stopping_rounds"": 50, ""eval_metric"": ""auc"", ""objective"": ""binary:logistic""}"
xgb,gender,155,0.867185,45.32,"{""n_estimators"": 2400, ""learning_rate"": 0.055199330500889626, ""max_depth"": 10, ""min_child_weight"": 1.0122821888094002, ""subsample"": 0.5, ""colsample_bytree"": 0.9, ""colsample_bylevel"": 0.6, ""reg_alpha"": 3.510271536564564, ""reg_lambda"": 0.0008109189348737599, ""gamma"": 0.00035777172292335063, ""max_bin"": 128, ""tree_method"": ""hist"", ""random_state"": 42, ""n_jobs"": -1, ""verbosity"": 0, ""early_stopping_rounds"": 50, ""eval_metric"": ""auc"", ""objective"": ""binary:logistic""}"
xgb,gender,156,0.862454,190.27,"{""n_estimators"": 1600, ""learning_rate"": 0.010927118254157198, ""max_depth"": 10, ""min_child_weight"": 22.77748951901223, ""subsample"": 0.7, ""colsample_bytree"": 0.6, ""colsample_bylevel"": 0.6, ""reg_alpha"": 0.00021084734929614594, ""reg_lambda"": 0.05723112437374663, ""gamma"": 0.00014621992738048968, ""max_bin"": 512, ""tree_method"": ""hist"", ""random_state"": 42, ""n_jobs"": -1, ""verbosity"": 0, ""early_stopping_rounds"": 50, ""eval_metric"": ""auc"", ""objective"": ""binary:logistic""}"
xgb,gender,157,0.846046,139.17,"{""n_estimators"": 2400, ""learning_rate"": 0.0031074038656225583, ""max_depth"": 8, ""min_child_weight"": 25.273417084440315, ""subsample"": 0.5, ""colsample_bytree"": 0.9, ""colsample_bylevel"": 0.6, ""reg_alpha"": 0.12384894560893243, ""reg_lambda"": 0.38160740552693795, ""gamma"": 0.724357487311382, ""max_bin"": 128, ""tree_method"": ""hist"", ""random_state"": 42, ""n_jobs"": -1, ""verbosity"": 0, ""early_stopping_rounds"": 50, ""eval_metric"": ""auc"", ""objective"": ""binary:logistic""}"
xgb,gender,158,0.870870,35.56,"{""n_estimators"": 600, ""learning_rate"": 0.06116534535984424, ""max_depth"": 12, ""min_child_weight"": 4.908732398414467, ""subsample"": 1.0, ""colsample_bytree"": 0.8, ""colsample_bylevel"": 0.6, ""reg_alpha"": 0.004810685255322663, ""reg_lambda"": 0.0005017202155051071, ""gamma"": 0.12365290419067601, ""max_bin"": 128, ""tree_method"": ""hist"", ""random_state"": 42, ""n_jobs"": -1, ""verbosity"": 0, ""early_stopping_rounds"": 50, ""eval_metric"": ""auc"", ""objective"": ""binary:logistic""}"
xgb,gender,159,0.851146,168.74,"{""n_estimators"": 1600, ""learning_rate"": 0.005835316509339715, ""max_depth"": 5, ""min_child_weight"": 16.355387366933307, ""subsample"": 0.5, ""colsample_bytree"": 0.9, ""colsample_bylevel"": 0.6, ""reg_alpha"": 0.059151102246570615, ""reg_lambda"": 1.2114725392385004, ""gamma"": 0.0020240471451420856, ""max_bin"": 512, ""tree_method"": ""hist"", ""random_state"": 42, ""n_jobs"": -1, ""verbosity"": 0, ""early_stopping_rounds"": 50, ""eval_metric"": ""auc"", ""objective"": ""binary:logistic""}"
xgb,gender,160,0.870290,250.35,"{""n_estimators"": 1600, ""learning_rate"": 0.005484843804913087, ""max_depth"": 8, ""min_child_weight"": 1.689969016480768, ""subsample"": 1.0, ""colsample_bytree"": 0.5, ""colsample_bylevel"": 0.6, ""reg_alpha"": 4.3847250053709494, ""reg_lambda"": 0.052013961467101945, ""gamma"": 0.13868230866992104, ""max_bin"": 256, ""tree_method"": ""hist"", ""random_state"": 42, ""n_jobs"": -1, ""verbosity"": 0, ""early_stopping_rounds"": 50, ""eval_metric"": ""auc"", ""objective"": ""binary:logistic""}"
xgb,gender,161,0.870923,238.36,"{""n_estimators"": 1200, ""learning_rate"": 0.007988063900610657, ""max_depth"": 8, ""min_child_weight"": 4.413495116985545, ""subsample"": 0.9, ""colsample_bytree"": 0.6, ""colsample_bylevel"": 0.8, ""reg_alpha"": 0.00017391670565322477, ""reg_lambda"": 0.03134929646993448, ""gamma"": 0.04778711253733649, ""max_bin"": 512, ""tree_method"": ""hist"", ""random_state"": 42, ""n_jobs"": -1, ""verbosity"": 0, ""early_stopping_rounds"": 50, ""eval_metric"": ""auc"", ""objective"": ""binary:logistic""}"
xgb,gender,162,0.855814,31.34,"{""n_estimators"": 800, ""learning_rate"": 0.019615326865553895, ""max_depth"": 4, ""min_child_weight"": 5.901849744143595, ""subsample"": 0.5, ""colsample_bytree"": 0.5, ""colsample_bylevel"": 1.0, ""reg_alpha"": 0.00010469676641089288, ""reg_lambda"": 0.0006841467446175157, ""gamma"": 0.4300123414373339, ""max_bin"": 128, ""tree_method"": ""hist"", ""random_state"": 42, ""n_jobs"": -1, ""verbosity"": 0, ""early_stopping_rounds"": 50, ""eval_metric"": ""auc"", ""objective"": ""binary:logistic""}"
xgb,gender,163,0.834847,30.47,"{""n_estimators"": 600, ""learning_rate"": 0.014155639570553068, ""max_depth"": 3, ""min_child_weight"": 2.353917839782661, ""subsample"": 0.5, ""colsample_bytree"": 0.4, ""colsample_bylevel"": 1.0, ""reg_alpha"": 0.06759199734918028, ""reg_lambda"": 6.538197973824814, ""gamma"": 0.003306169611074668, ""max_bin"": 256, ""tree_method"": ""hist"", ""random_state"": 42, ""n_jobs"": -1, ""verbosity"": 0, ""early_stopping_rounds"": 50, ""eval_metric"": ""auc"", ""objective"": ""binary:logistic""}"
xgb,gender,164,0.870380,59.59,"{""n_estimators"": 2400, ""learning_rate"": 0.0179769298859585, ""max_depth"": 6, ""min_child_weight"": 0.7044781297555553, ""subsample"": 0.8, ""colsample_bytree"": 0.5, ""colsample_bylevel"": 0.8, ""reg_alpha"": 0.00037558725625119364, ""reg_lambda"": 0.0005216334426802723, ""gamma"": 0.0005684022171373811, ""max_bin"": 128, ""tree_method"": ""hist"", ""random_state"": 42, ""n_jobs"": -1, ""verbosity"": 0, ""early_stopping_rounds"": 50, ""eval_metric"": ""auc"", ""objective"": ""binary:logistic""}"
xgb,gender,165,0.869847,199.76,"{""n_estimators"": 2400, ""learning_rate"": 0.012901468045672854, ""max_depth"": 10, ""min_child_weight"": 2.493021014239918, ""subsample"": 0.5, ""colsample_bytree"": 0.8, ""colsample_bylevel"": 0.6, ""reg_alpha"": 0.01963215712245664, ""reg_lambda"": 8.580166992813668, ""gamma"": 0.07709408256835565, ""max_bin"": 256, ""tree_method"": ""hist"", ""random_state"": 42, ""n_jobs"": -1, ""verbosity"": 0, ""early_stopping_rounds"": 50, ""eval_metric"": ""auc"", ""objective"": ""binary:logistic""}"
xgb,gender,166,0.853747,34.53,"{""n_estimators"": 3500, ""learning_rate"": 0.06630388213698533, ""max_depth"": 3, ""min_child_weight"": 17.654888414330873, ""subsample"": 1.0, ""colsample_bytree"": 0.6, ""colsample_bylevel"": 0.6, ""reg_alpha"": 0.003031378453926672, ""reg_lambda"": 1.8790582759987473, ""gamma"": 0.0001463116885901002, ""max_bin"": 256, ""tree_method"": ""hist"", ""random_state"": 42, ""n_jobs"": -1, ""verbosity"": 0, ""early_stopping_rounds"": 50, ""eval_metric"": ""auc"", ""objective"": ""binary:logistic""}"
xgb,gender,167,0.862488,63.41,"{""n_estimators"": 1200, ""learning_rate"": 0.02489502367615627, ""max_depth"": 4, ""min_child_weight"": 2.413850382189518, ""subsample"": 0.7, ""colsample_bytree"": 1.0, ""colsample_bylevel"": 0.8, ""reg_alpha"": 0.004940500060528003, ""reg_lambda"": 0.9450098934646085, ""gamma"": 0.0002606467058186581, ""max_bin"": 256, ""tree_method"": ""hist"", ""random_state"": 42, ""n_jobs"": -1, ""verbosity"": 0, ""early_stopping_rounds"": 50, ""eval_metric"": ""auc"", ""objective"": ""binary:logistic""}"
xgb,gender,168,0.854491,101.91,"{""n_estimators"": 800, ""learning_rate"": 0.007470958670632448, ""max_depth"": 10, ""min_child_weight"": 25.87295203343489, ""subsample"": 1.0, ""colsample_bytree"": 0.8, ""colsample_bylevel"": 1.0, ""reg_alpha"": 0.05830110732883775, ""reg_lambda"": 0.074387064768835, ""gamma"": 0.010193710915025843, ""max_bin"": 256, ""tree_method"": ""hist"", ""random_state"": 42, ""n_jobs"": -1, ""verbosity"": 0, ""early_stopping_rounds"": 50, ""eval_metric"": ""auc"", ""objective"": ""binary:logistic""}"
xgb,gender,169,0.863588,66.55,"{""n_estimators"": 3500, ""learning_rate"": 0.013628680640626785, ""max_depth"": 5, ""min_child_weight"": 7.6843697437203184, ""subsample"": 0.9, ""colsample_bytree"": 0.9, ""colsample_bylevel"": 0.6, ""reg_alpha"": 0.003092714089682812, ""reg_lambda"": 0.03578740419200284, ""gamma"": 0.011651666454036067, ""max_bin"": 128, ""tree_method"": ""hist"", ""random_state"": 42, ""n_jobs"": -1, ""verbosity"": 0, ""early_stopping_rounds"": 50, ""eval_metric"": ""auc"", ""objective"": ""binary:logistic""}"
xgb,gender,170,0.863700,26.95,"{""n_estimators"": 400, ""learning_rate"": 0.06766481483883859, ""max_depth"": 4, ""min_child_weight"": 0.5590989794449853, ""subsample"": 0.8, ""colsample_bytree"": 0.7, ""colsample_bylevel"": 0.8, ""reg_alpha"": 1.7868698459245997, ""reg_lambda"": 0.0031690474093357566, ""gamma"": 0.009929635669720242, ""max_bin"": 256, ""tree_method"": ""hist"", ""random_state"": 42, ""n_jobs"": -1, ""verbosity"": 0, ""early_stopping_rounds"": 50, ""eval_metric"": ""auc"", ""objective"": ""binary:logistic""}"
xgb,gender,171,0.866136,72.90,"{""n_estimators"": 400, ""learning_rate"": 0.017613834428560796, ""max_depth"": 6, ""min_child_weight"": 1.3377545364334669, ""subsample"": 0.8, ""colsample_bytree"": 0.8, ""colsample_bylevel"": 0.6, ""reg_alpha"": 0.25789688783694403, ""reg_lambda"": 0.3755718389549143, ""gamma"": 0.1389368722331018, ""max_bin"": 512, ""tree_method"": ""hist"", ""random_state"": 42, ""n_jobs"": -1, ""verbosity"": 0, ""early_stopping_rounds"": 50, ""eval_metric"": ""auc"", ""objective"": ""binary:logistic""}"
xgb,gender,172,0.854368,102.12,"{""n_estimators"": 800, ""learning_rate"": 0.004225597919895777, ""max_depth"": 7, ""min_child_weight"": 8.39440598966301, ""subsample"": 0.7, ""colsample_bytree"": 0.5, ""colsample_bylevel"": 1.0, ""reg_alpha"": 0.24274703694977512, ""reg_lambda"": 0.00014655883592731636, ""gamma"": 0.2206436404830616, ""max_bin"": 256, ""tree_method"": ""hist"", ""random_state"": 42, ""n_jobs"": -1, ""verbosity"": 0, ""early_stopping_rounds"": 50, ""eval_metric"": ""auc"", ""objective"": ""binary:logistic""}"
xgb,gender,173,0.851776,30.18,"{""n_estimators"": 400, ""learning_rate"": 0.02871392312379025, ""max_depth"": 4, ""min_child_weight"": 0.8581984876073974, ""subsample"": 0.5, ""colsample_bytree"": 1.0, ""colsample_bylevel"": 1.0, ""reg_alpha"": 0.862371599692492, ""reg_lambda"": 0.015577489428908764, ""gamma"": 0.0008502937079220818, ""max_bin"": 256, ""tree_method"": ""hist"", ""random_state"": 42, ""n_jobs"": -1, ""verbosity"": 0, ""early_stopping_rounds"": 50, ""eval_metric"": ""auc"", ""objective"": ""binary:logistic""}"
xgb,gender,174,0.869509,326.17,"{""n_estimators"": 1600, ""learning_rate"": 0.005517639339119522, ""max_depth"": 6, ""min_child_weight"": 1.9000648250755297, ""subsample"": 0.9, ""colsample_bytree"": 1.0, ""colsample_bylevel"": 0.8, ""reg_alpha"": 0.6300942326109699, ""reg_lambda"": 0.11990101779020462, ""gamma"": 0.5949046168692768, ""max_bin"": 512, ""tree_method"": ""hist"", ""random_state"": 42, ""n_jobs"": -1, ""verbosity"": 0, ""early_stopping_rounds"": 50, ""eval_metric"": ""auc"", ""objective"": ""binary:logistic""}"
xgb,gender,175,0.865123,90.24,"{""n_estimators"": 2400, ""learning_rate"": 0.039015723338609636, ""max_depth"": 10, ""min_child_weight"": 2.9534489728176103, ""subsample"": 0.6, ""colsample_bytree"": 0.5, ""colsample_bylevel"": 0.6, ""reg_alpha"": 0.0003082633425836528, ""reg_lambda"": 0.0038736095192714566, ""gamma"": 0.0075217273508537096, ""max_bin"": 512, ""tree_method"": ""hist"", ""random_state"": 42, ""n_jobs"": -1, ""verbosity"": 0, ""early_stopping_rounds"": 50, ""eval_metric"": ""auc"", ""objective"": ""binary:logistic""}"
xgb,gender,176,0.846350,121.61,"{""n_estimators"": 1200, ""learning_rate"": 0.0032257457721941293, ""max_depth"": 5, ""min_child_weight"": 3.973872133127939, ""subsample"": 0.9, ""colsample_bytree"": 0.8, ""colsample_bylevel"": 1.0, ""reg_alpha"": 3.2940608983542696, ""reg_lambda"": 0.06657558481187774, ""gamma"": 0.2486154525757993, ""max_bin"": 256, ""tree_method"": ""hist"", ""random_state"": 42, ""n_jobs"": -1, ""verbosity"": 0, ""early_stopping_rounds"": 50, ""eval_metric"": ""auc"", ""objective"": ""binary:logistic""}"
xgb,gender,177,0.860208,51.03,"{""n_estimators"": 2400, ""learning_rate"": 0.07527870349692978, ""max_depth"": 10, ""min_child_weight"": 5.942530111261232, ""subsample"": 0.5, ""colsample_bytree"": 0.5, ""colsample_bylevel"": 0.6, ""reg_alpha"": 0.0028321870031163977, ""reg_lambda"": 0.06980589091832816, ""gamma"": 0.00015678755897103632, ""max_bin"": 512, ""tree_method"": ""hist"", ""random_state"": 42, ""n_jobs"": -1, ""verbosity"": 0, ""early_stopping_rounds"": 50, ""eval_metric"": ""auc"", ""objective"": ""binary:logistic""}"
xgb,gender,178,0.871586,90.69,"{""n_estimators"": 3500, ""learning_rate"": 0.009861455126184788, ""max_depth"": 8, ""min_child_weight"": 5.020412366599144, ""subsample"": 0.9, ""colsample_bytree"": 0.6, ""colsample_bylevel"": 0.8, ""reg_alpha"": 0.0003883411878642354, ""reg_lambda"": 0.0008410335619628604, ""gamma"": 0.0025615496150540127, ""max_bin"": 128, ""tree_method"": ""hist"", ""random_state"": 42, ""n_jobs"": -1, ""verbosity"": 0, ""early_stopping_rounds"": 50, ""eval_metric"": ""auc"", ""objective"": ""binary:logistic""}"
xgb,gender,179,0.867591,163.57,"{""n_estimators"": 800, ""learning_rate"": 0.003525531538859717, ""max_depth"": 12, ""min_child_weight"": 1.7770521050288817, ""subsample"": 0.6, ""colsample_bytree"": 0.8, ""colsample_bylevel"": 0.8, ""reg_alpha"": 0.8014484447260837, ""reg_lambda"": 0.004014385310924604, ""gamma"": 0.0012012470447151677, ""max_bin"": 128, ""tree_method"": ""hist"", ""random_state"": 42, ""n_jobs"": -1, ""verbosity"": 0, ""early_stopping_rounds"": 50, ""eval_metric"": ""auc"", ""objective"": ""binary:logistic""}"
xgb,gender,180,0.867371,46.92,"{""n_estimators"": 400, ""learning_rate"": 0.03707252236315691, ""max_depth"": 6, ""min_child_weight"": 5.190221201399301, ""subsample"": 0.9, ""colsample_bytree"": 1.0, ""colsample_bylevel"": 1.0, ""reg_alpha"": 0.17735953513792713, ""reg_lambda"": 0.007355531965395429, ""gamma"": 0.0012438009241535373, ""max_bin"": 256, ""tree_method"": ""hist"", ""random_state"": 42, ""n_jobs"": -1, ""verbosity"": 0, ""early_stopping_rounds"": 50, ""eval_metric"": ""auc"", ""objective"": ""binary:logistic""}"
xgb,gender,181,0.864567,49.01,"{""n_estimators"": 2400, ""learning_rate"": 0.02379275337975356, ""max_depth"": 4, ""min_child_weight"": 2.7834842609974384, ""subsample"": 0.9, ""colsample_bytree"": 0.4, ""colsample_bylevel"": 0.6, ""reg_alpha"": 0.002135044375782543, ""reg_lambda"": 0.1758147184351567, ""gamma"": 0.13836032174166848, ""max_bin"": 128, ""tree_method"": ""hist"", ""random_state"": 42, ""n_jobs"": -1, ""verbosity"": 0, ""early_stopping_rounds"": 50, ""eval_metric"": ""auc"", ""objective"": ""binary:logistic""}"
xgb,gender,182,0.863710,134.20,"{""n_estimators"": 1600, ""learning_rate"": 0.006457959672269861, ""max_depth"": 5, ""min_child_weight"": 3.133564636699163, ""subsample"": 0.9, ""colsample_bytree"": 0.8, ""colsample_bylevel"": 1.0, ""reg_alpha"": 0.07288221028275883, ""reg_lambda"": 0.014289541592847711, ""gamma"": 0.21554810675083177, ""max_bin"": 256, ""tree_method"": ""hist"", ""random_state"": 42, ""n_jobs"": -1, ""verbosity"": 0, ""early_stopping_rounds"": 50, ""eval_metric"": ""auc"", ""objective"": ""binary:logistic""}"
xgb,gender,183,0.866570,35.29,"{""n_estimators"": 1600, ""learning_rate"": 0.07985057554694025, ""max_depth"": 8, ""min_child_weight"": 5.471589712965176, ""subsample"": 0.7, ""colsample_bytree"": 0.6, ""colsample_bylevel"": 1.0, ""reg_alpha"": 0.006425432049951439, ""reg_lambda"": 1.3093231716786342, ""gamma"": 0.9056806373446951, ""max_bin"": 256, ""tree_method"": ""hist"", ""random_state"": 42, ""n_jobs"": -1, ""verbosity"": 0, ""early_stopping_rounds"": 50, ""eval_metric"": ""auc"", ""objective"": ""binary:logistic""}"
xgb,gender,184,0.867806,221.48,"{""n_estimators"": 1200, ""learning_rate"": 0.003911849977037895, ""max_depth"": 7, ""min_child_weight"": 2.2920143319263717, ""subsample"": 0.9, ""colsample_bytree"": 0.8, ""colsample_bylevel"": 1.0, ""reg_alpha"": 0.1288391680744636, ""reg_lambda"": 0.00734159394013829, ""gamma"": 0.07795542311031256, ""max_bin"": 256, ""tree_method"": ""hist"", ""random_state"": 42, ""n_jobs"": -1, ""verbosity"": 0, ""early_stopping_rounds"": 50, ""eval_metric"": ""auc"", ""objective"": ""binary:logistic""}"
xgb,gender,185,0.871238,108.04,"{""n_estimators"": 400, ""learning_rate"": 0.040828767412447696, ""max_depth"": 7, ""min_child_weight"": 0.7730776149348507, ""subsample"": 0.5, ""colsample_bytree"": 0.8, ""colsample_bylevel"": 1.0, ""reg_alpha"": 0.001671372014763599, ""reg_lambda"": 2.5301650594753444, ""gamma"": 0.0329278886552592, ""max_bin"": 512, ""tree_method"": ""hist"", ""random_state"": 42, ""n_jobs"": -1, ""verbosity"": 0, ""early_stopping_rounds"": 50, ""eval_metric"": ""auc"", ""objective"": ""binary:logistic""}"
xgb,gender,186,0.872259,84.25,"{""n_estimators"": 1200, ""learning_rate"": 0.045732421198105846, ""max_depth"": 6, ""min_child_weight"": 0.7171011175031771, ""subsample"": 0.9, ""colsample_bytree"": 0.4, ""colsample_bylevel"": 0.6, ""reg_alpha"": 0.0043566407938299846, ""reg_lambda"": 1.4348975361046887, ""gamma"": 0.02260532977747064, ""max_bin"": 512, ""tree_method"": ""hist"", ""random_state"": 42, ""n_jobs"": -1, ""verbosity"": 0, ""early_stopping_rounds"": 50, ""eval_metric"": ""auc"", ""objective"": ""binary:logistic""}"
xgb,gender,187,0.849539,25.81,"{""n_estimators"": 600, ""learning_rate"": 0.015607569851241702, ""max_depth"": 4, ""min_child_weight"": 2.201815224016238, ""subsample"": 0.7, ""colsample_bytree"": 0.4, ""colsample_bylevel"": 0.8, ""reg_alpha"": 2.8124165512785995, ""reg_lambda"": 0.00026184511947217485, ""gamma"": 0.004691625460057004, ""max_bin"": 128, ""tree_method"": ""hist"", ""random_state"": 42, ""n_jobs"": -1, ""verbosity"": 0, ""early_stopping_rounds"": 50, ""eval_metric"": ""auc"", ""objective"": ""binary:logistic""}"
xgb,gender,188,0.851865,25.44,"{""n_estimators"": 800, ""learning_rate"": 0.03689347507481318, ""max_depth"": 3, ""min_child_weight"": 3.557958339116434, ""subsample"": 0.9, ""colsample_bytree"": 0.4, ""colsample_bylevel"": 0.6, ""reg_alpha"": 0.029838888778771135, ""reg_lambda"": 0.0016748753002149403, ""gamma"": 0.005184800721056611, ""max_bin"": 128, ""tree_method"": ""hist"", ""random_state"": 42, ""n_jobs"": -1, ""verbosity"": 0, ""early_stopping_rounds"": 50, ""eval_metric"": ""auc"", ""objective"": ""binary:logistic""}"
xgb,gender,189,0.846324,30.17,"{""n_estimators"": 3500, ""learning_rate"": 0.0407187095744087, ""max_depth"": 3, ""min_child_weight"": 14.401318362952164, ""subsample"": 0.5, ""colsample_bytree"": 1.0, ""colsample_bylevel"": 0.6, ""reg_alpha"": 0.004228627600752246, ""reg_lambda"": 0.28169585061378677, ""gamma"": 0.00447223762365518, ""max_bin"": 256, ""tree_method"": ""hist"", ""random_state"": 42, ""n_jobs"": -1, ""verbosity"": 0, ""early_stopping_rounds"": 50, ""eval_metric"": ""auc"", ""objective"": ""binary:logistic""}"
xgb,gender,190,0.871604,910.73,"{""n_estimators"": 3500, ""learning_rate"": 0.003202236864632933, ""max_depth"": 12, ""min_child_weight"": 3.1375677232060655, ""subsample"": 0.7, ""colsample_bytree"": 0.9, ""colsample_bylevel"": 0.8, ""reg_alpha"": 0.9616432013071502, ""reg_lambda"": 0.14852018164725458, ""gamma"": 0.034023785102703846, ""max_bin"": 512, ""tree_method"": ""hist"", ""random_state"": 42, ""n_jobs"": -1, ""verbosity"": 0, ""early_stopping_rounds"": 50, ""eval_metric"": ""auc"", ""objective"": ""binary:logistic""}"
xgb,gender,191,0.864879,61.15,"{""n_estimators"": 1600, ""learning_rate"": 0.056643699948202855, ""max_depth"": 5, ""min_child_weight"": 4.236100657288506, ""subsample"": 0.9, ""colsample_bytree"": 0.9, ""colsample_bylevel"": 0.6, ""reg_alpha"": 0.004441396168284632, ""reg_lambda"": 0.003866667339355896, ""gamma"": 0.0020007382842596047, ""max_bin"": 512, ""tree_method"": ""hist"", ""random_state"": 42, ""n_jobs"": -1, ""verbosity"": 0, ""early_stopping_rounds"": 50, ""eval_metric"": ""auc"", ""objective"": ""binary:logistic""}"
xgb,gender,192,0.846526,31.20,"{""n_estimators"": 1600, ""learning_rate"": 0.027213729761354628, ""max_depth"": 3, ""min_child_weight"": 10.042506671907375, ""subsample"": 0.5, ""colsample_bytree"": 0.4, ""colsample_bylevel"": 0.8, ""reg_alpha"": 0.3466712843325376, ""reg_lambda"": 0.00024127898282796955, ""gamma"": 0.0003884628101992646, ""max_bin"": 128, ""tree_method"": ""hist"", ""random_state"": 42, ""n_jobs"": -1, ""verbosity"": 0, ""early_stopping_rounds"": 50, ""eval_metric"": ""auc"", ""objective"": ""binary:logistic""}"
xgb,gender,193,0.835854,15.79,"{""n_estimators"": 400, ""learning_rate"": 0.019350558293934034, ""max_depth"": 3, ""min_child_weight"": 3.445428104718264, ""subsample"": 0.6, ""colsample_bytree"": 1.0, ""colsample_bylevel"": 0.8, ""reg_alpha"": 0.1128256660323526, ""reg_lambda"": 0.00042548779120708536, ""gamma"": 0.0024124339128531415, ""max_bin"": 128, ""tree_method"": ""hist"", ""random_state"": 42, ""n_jobs"": -1, ""verbosity"": 0, ""early_stopping_rounds"": 50, ""eval_metric"": ""auc"", ""objective"": ""binary:logistic""}"
xgb,gender,194,0.865916,527.80,"{""n_estimators"": 2400, ""learning_rate"": 0.003129320888011313, ""max_depth"": 7, ""min_child_weight"": 6.501592149111524, ""subsample"": 0.9, ""colsample_bytree"": 0.9, ""colsample_bylevel"": 0.8, ""reg_alpha"": 0.1483882264946259, ""reg_lambda"": 2.7209844387143582, ""gamma"": 0.1541784024268058, ""max_bin"": 512, ""tree_method"": ""hist"", ""random_state"": 42, ""n_jobs"": -1, ""verbosity"": 0, ""early_stopping_rounds"": 50, ""eval_metric"": ""auc"", ""objective"": ""binary:logistic""}"
xgb,gender,195,0.871832,103.56,"{""n_estimators"": 1200, ""learning_rate"": 0.02921499664902122, ""max_depth"": 7, ""min_child_weight"": 0.7097810714142953, ""subsample"": 0.9, ""colsample_bytree"": 1.0, ""colsample_bylevel"": 0.8, ""reg_alpha"": 0.0016919920588321382, ""reg_lambda"": 0.04232990895839388, ""gamma"": 0.6336644098429586, ""max_bin"": 512, ""tree_method"": ""hist"", ""random_state"": 42, ""n_jobs"": -1, ""verbosity"": 0, ""early_stopping_rounds"": 50, ""eval_metric"": ""auc"", ""objective"": ""binary:logistic""}"
xgb,gender,196,0.858263,115.91,"{""n_estimators"": 1200, ""learning_rate"": 0.011696597456634032, ""max_depth"": 12, ""min_child_weight"": 23.1110105351501, ""subsample"": 0.6, ""colsample_bytree"": 0.7, ""colsample_bylevel"": 1.0, ""reg_alpha"": 0.00015341574839632888, ""reg_lambda"": 1.6113519595292518, ""gamma"": 0.2953018514887596, ""max_bin"": 256, ""tree_method"": ""hist"", ""random_state"": 42, ""n_jobs"": -1, ""verbosity"": 0, ""early_stopping_rounds"": 50, ""eval_metric"": ""auc"", ""objective"": ""binary:logistic""}"
xgb,gender,197,0.874185,807.48,"{""n_estimators"": 1200, ""learning_rate"": 0.008088572349070696, ""max_depth"": 10, ""min_child_weight"": 0.632498700454148, ""subsample"": 1.0, ""colsample_bytree"": 0.7, ""colsample_bylevel"": 0.8, ""reg_alpha"": 0.24809628091451683, ""reg_lambda"": 5.5908518396886535, ""gamma"": 0.0007089619939137472, ""max_bin"": 512, ""tree_method"": ""hist"", ""random_state"": 42, ""n_jobs"": -1, ""verbosity"": 0, ""early_stopping_rounds"": 50, ""eval_metric"": ""auc"", ""objective"": ""binary:logistic""}"
xgb,gender,198,0.868359,188.30,"{""n_estimators"": 3500, ""learning_rate"": 0.013398545307711238, ""max_depth"": 12, ""min_child_weight"": 7.79118808358451, ""subsample"": 0.5, ""colsample_bytree"": 0.6, ""colsample_bylevel"": 0.8, ""reg_alpha"": 0.10121581794626346, ""reg_lambda"": 0.0003032237244887166, ""gamma"": 0.0004335145092071486, ""max_bin"": 512, ""tree_method"": ""hist"", ""random_state"": 42, ""n_jobs"": -1, ""verbosity"": 0, ""early_stopping_rounds"": 50, ""eval_metric"": ""auc"", ""objective"": ""binary:logistic""}"
xgb,gender,199,0.841884,56.80,"{""n_estimators"": 600, ""learning_rate"": 0.004054429681226429, ""max_depth"": 7, ""min_child_weight"": 1.162519080376443, ""subsample"": 1.0, ""colsample_bytree"": 0.5, ""colsample_bylevel"": 1.0, ""reg_alpha"": 0.028031509552160095, ""reg_lambda"": 0.9529834773200946, ""gamma"": 0.3575123883738665, ""max_bin"": 128, ""tree_method"": ""hist"", ""random_state"": 42, ""n_jobs"": -1, ""verbosity"": 0, ""early_stopping_rounds"": 50, ""eval_metric"": ""auc"", ""objective"": ""binary:logistic""}"
xgb,gender,200,0.857522,23.98,"{""n_estimators"": 400, ""learning_rate"": 0.049699943029773916, ""max_depth"": 4, ""min_child_weight"": 3.9245628143447226, ""subsample"": 0.9, ""colsample_bytree"": 0.5, ""colsample_bylevel"": 0.8, ""reg_alpha"": 1.8624827815322056, ""reg_lambda"": 0.11546027442420355, ""gamma"": 0.04514039657122948, ""max_bin"": 256, ""tree_method"": ""hist"", ""random_state"": 42, ""n_jobs"": -1, ""verbosity"": 0, ""early_stopping_rounds"": 50, ""eval_metric"": ""auc"", ""objective"": ""binary:logistic""}"
xgb,gender,201,0.865645,29.21,"{""n_estimators"": 2400, ""learning_rate"": 0.07079643077275996, ""max_depth"": 6, ""min_child_weight"": 4.873703346206182, ""subsample"": 0.9, ""colsample_bytree"": 0.8, ""colsample_bylevel"": 0.6, ""reg_alpha"": 0.001939474489063437, ""reg_lambda"": 0.0007875359034690497, ""gamma"": 0.008415248263690929, ""max_bin"": 256, ""tree_method"": ""hist"", ""random_state"": 42, ""n_jobs"": -1, ""verbosity"": 0, ""early_stopping_rounds"": 50, ""eval_metric"": ""auc"", ""objective"": ""binary:logistic""}"
xgb,gender,202,0.840192,231.77,"{""n_estimators"": 800, ""learning_rate"": 0.0035132580577053505, ""max_depth"": 12, ""min_child_weight"": 3.2029466710326666, ""subsample"": 0.5, ""colsample_bytree"": 0.4, ""colsample_bylevel"": 0.8, ""reg_alpha"": 2.056802466188886, ""reg_lambda"": 0.028071558132185852, ""gamma"": 0.0002516028095768919, ""max_bin"": 512, ""tree_method"": ""hist"", ""random_state"": 42, ""n_jobs"": -1, ""verbosity"": 0, ""early_stopping_rounds"": 50, ""eval_metric"": ""auc"", ""objective"": ""binary:logistic""}"
xgb,gender,203,0.859990,43.74,"{""n_estimators"": 400, ""learning_rate"": 0.03200074183504421, ""max_depth"": 8, ""min_child_weight"": 25.11807166073825, ""subsample"": 1.0, ""colsample_bytree"": 0.9, ""colsample_bylevel"": 0.6, ""reg_alpha"": 0.036590331239870884, ""reg_lambda"": 0.008732433158300322, ""gamma"": 0.00019934298312090397, ""max_bin"": 256, ""tree_method"": ""hist"", ""random_state"": 42, ""n_jobs"": -1, ""verbosity"": 0, ""early_stopping_rounds"": 50, ""eval_metric"": ""auc"", ""objective"": ""binary:logistic""}"
xgb,gender,204,0.825603,46.94,"{""n_estimators"": 600, ""learning_rate"": 0.0065005779954114065, ""max_depth"": 3, ""min_child_weight"": 1.3884508199485237, ""subsample"": 0.6, ""colsample_bytree"": 0.8, ""colsample_bylevel"": 1.0, ""reg_alpha"": 0.011737686508937226, ""reg_lambda"": 0.00011558043161352407, ""gamma"": 0.3259553105527869, ""max_bin"": 512, ""tree_method"": ""hist"", ""random_state"": 42, ""n_jobs"": -1, ""verbosity"": 0, ""early_stopping_rounds"": 50, ""eval_metric"": ""auc"", ""objective"": ""binary:logistic""}"
xgb,gender,205,0.871076,30.68,"{""n_estimators"": 800, ""learning_rate"": 0.06042248664315507, ""max_depth"": 6, ""min_child_weight"": 0.7104381804974572, ""subsample"": 0.8, ""colsample_bytree"": 0.8, ""colsample_bylevel"": 0.6, ""reg_alpha"": 0.06414865503355, ""reg_lambda"": 0.21251507683400195, ""gamma"": 0.8803321242614295, ""max_bin"": 256, ""tree_method"": ""hist"", ""random_state"": 42, ""n_jobs"": -1, ""verbosity"": 0, ""early_stopping_rounds"": 50, ""eval_metric"": ""auc"", ""objective"": ""binary:logistic""}"
xgb,gender,206,0.858859,13.32,"{""n_estimators"": 2400, ""learning_rate"": 0.06475542564629409, ""max_depth"": 4, ""min_child_weight"": 2.5557350410868187, ""subsample"": 0.6, ""colsample_bytree"": 0.7, ""colsample_bylevel"": 1.0, ""reg_alpha"": 0.43441708618572983, ""reg_lambda"": 0.010941389282019806, ""gamma"": 0.0015865019984587744, ""max_bin"": 128, ""tree_method"": ""hist"", ""random_state"": 42, ""n_jobs"": -1, ""verbosity"": 0, ""early_stopping_rounds"": 50, ""eval_metric"": ""auc"", ""objective"": ""binary:logistic""}"
xgb,gender,207,0.873239,333.49,"{""n_estimators"": 3500, ""learning_rate"": 0.006919754673252195, ""max_depth"": 12, ""min_child_weight"": 2.9821847931773964, ""subsample"": 0.5, ""colsample_bytree"": 0.4, ""colsample_bylevel"": 0.6, ""reg_alpha"": 0.7954129891072513, ""reg_lambda"": 0.9058918157582974, ""gamma"": 0.00012665409658201712, ""max_bin"": 256, ""tree_method"": ""hist"", ""random_state"": 42, ""n_jobs"": -1, ""verbosity"": 0, ""early_stopping_rounds"": 50, ""eval_metric"": ""auc"", ""objective"": ""binary:logistic""}"
xgb,gender,208,0.817869,57.75,"{""n_estimators"": 600, ""learning_rate"": 0.0035929996337860973, ""max_depth"": 6, ""min_child_weight"": 1.9442879683529704, ""subsample"": 0.5, ""colsample_bytree"": 0.7, ""colsample_bylevel"": 1.0, ""reg_alpha"": 0.001775572364963907, ""reg_lambda"": 5.2668031828335575, ""gamma"": 0.01961136264332006, ""max_bin"": 128, ""tree_method"": ""hist"", ""random_state"": 42, ""n_jobs"": -1, ""verbosity"": 0, ""early_stopping_rounds"": 50, ""eval_metric"": ""auc"", ""objective"": ""binary:logistic""}"
xgb,gender,209,0.870767,75.04,"{""n_estimators"": 2400, ""learning_rate"": 0.025658212269518667, ""max_depth"": 6, ""min_child_weight"": 0.8295263374947823, ""subsample"": 0.9, ""colsample_bytree"": 0.8, ""colsample_bylevel"": 0.8, ""reg_alpha"": 0.2464813316851182, ""reg_lambda"": 0.014160849281172038, ""gamma"": 0.06848975879506522, ""max_bin"": 128, ""tree_method"": ""hist"", ""random_state"": 42, ""n_jobs"": -1, ""verbosity"": 0, ""early_stopping_rounds"": 50, ""eval_metric"": ""auc"", ""objective"": ""binary:logistic""}"
xgb,gender,210,0.852590,136.06,"{""n_estimators"": 1200, ""learning_rate"": 0.009705574575326281, ""max_depth"": 4, ""min_child_weight"": 8.43508595222392, ""subsample"": 0.9, ""colsample_bytree"": 0.4, ""colsample_bylevel"": 1.0, ""reg_alpha"": 0.0011589390679920901, ""reg_lambda"": 0.0008016416590062961, ""gamma"": 0.14992502809826785, ""max_bin"": 512, ""tree_method"": ""hist"", ""random_state"": 42, ""n_jobs"": -1, ""verbosity"": 0, ""early_stopping_rounds"": 50, ""eval_metric"": ""auc"", ""objective"": ""binary:logistic""}"
xgb,gender,211,0.870606,59.92,"{""n_estimators"": 800, ""learning_rate"": 0.045653268971680316, ""max_depth"": 12, ""min_child_weight"": 4.314471875174465, ""subsample"": 1.0, ""colsample_bytree"": 0.9, ""colsample_bylevel"": 1.0, ""reg_alpha"": 0.1603645882005905, ""reg_lambda"": 0.0001476741168189952, ""gamma"": 0.22032031567049892, ""max_bin"": 128, ""tree_method"": ""hist"", ""random_state"": 42, ""n_jobs"": -1, ""verbosity"": 0, ""early_stopping_rounds"": 50, ""eval_metric"": ""auc"", ""objective"": ""binary:logistic""}"
xgb,gender,212,0.871744,106.06,"{""n_estimators"": 1600, ""learning_rate"": 0.06018220695440298, ""max_depth"": 10, ""min_child_weight"": 0.6304718595952188, ""subsample"": 0.8, ""colsample_bytree"": 0.6, ""colsample_bylevel"": 0.8, ""reg_alpha"": 1.855419321472745, ""reg_lambda"": 0.013903025398728057, ""gamma"": 0.01304218812299116, ""max_bin"": 256, ""tree_method"": ""hist"", ""random_state"": 42, ""n_jobs"": -1, ""verbosity"": 0, ""early_stopping_rounds"": 50, ""eval_metric"": ""auc"", ""objective"": ""binary:logistic""}"
xgb,gender,213,0.868466,34.97,"{""n_estimators"": 600, ""learning_rate"": 0.06309129307512912, ""max_depth"": 6, ""min_child_weight"": 1.7582629973687864, ""subsample"": 0.9, ""colsample_bytree"": 0.4, ""colsample_bylevel"": 1.0, ""reg_alpha"": 0.001741062487122855, ""reg_lambda"": 0.11660679349802615, ""gamma"": 0.039198474238409046, ""max_bin"": 128, ""tree_method"": ""hist"", ""random_state"": 42, ""n_jobs"": -1, ""verbosity"": 0, ""early_stopping_rounds"": 50, ""eval_metric"": ""auc"", ""objective"": ""binary:logistic""}"
xgb,gender,214,0.823544,28.97,"{""n_estimators"": 400, ""learning_rate"": 0.009363493230280158, ""max_depth"": 3, ""min_child_weight"": 9.7186636898477, ""subsample"": 0.8, ""colsample_bytree"": 0.6, ""colsample_bylevel"": 1.0, ""reg_alpha"": 0.0014136273932689846, ""reg_lambda"": 0.00013055361936306831, ""gamma"": 0.0875362272402702, ""max_bin"": 256, ""tree_method"": ""hist"", ""random_state"": 42, ""n_jobs"": -1, ""verbosity"": 0, ""early_stopping_rounds"": 50, ""eval_metric"": ""auc"", ""objective"": ""binary:logistic""}"
xgb,gender,215,0.855634,81.41,"{""n_estimators"": 800, ""learning_rate"": 0.02693048706856769, ""max_depth"": 4, ""min_child_weight"": 13.999084202916517, ""subsample"": 0.8, ""colsample_bytree"": 0.6, ""colsample_bylevel"": 0.6, ""reg_alpha"": 0.006992471777588889, ""reg_lambda"": 0.0022376751933717203, ""gamma"": 0.03437982388176752, ""max_bin"": 512, ""tree_method"": ""hist"", ""random_state"": 42, ""n_jobs"": -1, ""verbosity"": 0, ""early_stopping_rounds"": 50, ""eval_metric"": ""auc"", ""objective"": ""binary:logistic""}"
xgb,gender,216,0.847927,98.64,"{""n_estimators"": 1600, ""learning_rate"": 0.010766829374428008, ""max_depth"": 3, ""min_child_weight"": 1.540929733242442, ""subsample"": 0.8, ""colsample_bytree"": 0.6, ""colsample_bylevel"": 0.6, ""reg_alpha"": 0.002295103980397786, ""reg_lambda"": 0.0011053391974004026, ""gamma"": 0.03856140732679899, ""max_bin"": 256, ""tree_method"": ""hist"", ""random_state"": 42, ""n_jobs"": -1, ""verbosity"": 0, ""early_stopping_rounds"": 50, ""eval_metric"": ""auc"", ""objective"": ""binary:logistic""}"
xgb,gender,217,0.866952,45.54,"{""n_estimators"": 3500, ""learning_rate"": 0.04312274794173544, ""max_depth"": 5, ""min_child_weight"": 7.796785244052578, ""subsample"": 0.9, ""colsample_bytree"": 0.9, ""colsample_bylevel"": 0.8, ""reg_alpha"": 0.8076870322824375, ""reg_lambda"": 0.017943402446018594, ""gamma"": 0.024729406892081824, ""max_bin"": 128, ""tree_method"": ""hist"", ""random_state"": 42, ""n_jobs"": -1, ""verbosity"": 0, ""early_stopping_rounds"": 50, ""eval_metric"": ""auc"", ""objective"": ""binary:logistic""}"
xgb,gender,218,0.834414,88.62,"{""n_estimators"": 1200, ""learning_rate"": 0.005212461814214757, ""max_depth"": 3, ""min_child_weight"": 0.6782497007779911, ""subsample"": 0.6, ""colsample_bytree"": 0.9, ""colsample_bylevel"": 1.0, ""reg_alpha"": 0.00018222823408348013, ""reg_lambda"": 0.0002433096320575356, ""gamma"": 0.1300160047486224, ""max_bin"": 256, ""tree_method"": ""hist"", ""random_state"": 42, ""n_jobs"": -1, ""verbosity"": 0, ""early_stopping_rounds"": 50, ""eval_metric"": ""auc"", ""objective"": ""binary:logistic""}"
xgb,gender,219,0.871385,102.22,"{""n_estimators"": 3500, ""learning_rate"": 0.011014079520484436, ""max_depth"": 6, ""min_child_weight"": 1.8634796909404874, ""subsample"": 0.8, ""colsample_bytree"": 0.6, ""colsample_bylevel"": 0.8, ""reg_alpha"": 0.19227379550737547, ""reg_lambda"": 0.0004683779875685465, ""gamma"": 0.06772437996780817, ""max_bin"": 128, ""tree_method"": ""hist"", ""random_state"": 42, ""n_jobs"": -1, ""verbosity"": 0, ""early_stopping_rounds"": 50, ""eval_metric"": ""auc"", ""objective"": ""binary:logistic""}"
xgb,gender,220,0.859256,64.41,"{""n_estimators"": 400, ""learning_rate"": 0.02802281385663844, ""max_depth"": 6, ""min_child_weight"": 13.9975870641966, ""subsample"": 1.0, ""colsample_bytree"": 0.4, ""colsample_bylevel"": 0.6, ""reg_alpha"": 0.0004154107521262246, ""reg_lambda"": 0.0007818482759077738, ""gamma"": 0.006963627530312171, ""max_bin"": 512, ""tree_method"": ""hist"", ""random_state"": 42, ""n_jobs"": -1, ""verbosity"": 0, ""early_stopping_rounds"": 50, ""eval_metric"": ""auc"", ""objective"": ""binary:logistic""}"
xgb,gender,221,0.866825,41.00,"{""n_estimators"": 2400, ""learning_rate"": 0.0637036476270214, ""max_depth"": 12, ""min_child_weight"": 0.8625538334750334, ""subsample"": 0.6, ""colsample_bytree"": 0.4, ""colsample_bylevel"": 1.0, ""reg_alpha"": 1.3816201134475325, ""reg_lambda"": 0.5304420979740488, ""gamma"": 0.7692728655569692, ""max_bin"": 128, ""tree_method"": ""hist"", ""random_state"": 42, ""n_jobs"": -1, ""verbosity"": 0, ""early_stopping_rounds"": 50, ""eval_metric"": ""auc"", ""objective"": ""binary:logistic""}"
xgb,gender,222,0.866882,202.00,"{""n_estimators"": 2400, ""learning_rate"": 0.01334724090559341, ""max_depth"": 5, ""min_child_weight"": 1.626515636388276, ""subsample"": 0.7, ""colsample_bytree"": 0.8, ""colsample_bylevel"": 0.8, ""reg_alpha"": 0.0006346987604252086, ""reg_lambda"": 0.015962071898475448, ""gamma"": 0.006010363831566411, ""max_bin"": 512, ""tree_method"": ""hist"", ""random_state"": 42, ""n_jobs"": -1, ""verbosity"": 0, ""early_stopping_rounds"": 50, ""eval_metric"": ""auc"", ""objective"": ""binary:logistic""}"
xgb,gender,223,0.874455,127.69,"{""n_estimators"": 600, ""learning_rate"": 0.040188674774366356, ""max_depth"": 12, ""min_child_weight"": 0.5088786567775603, ""subsample"": 1.0, ""colsample_bytree"": 0.5, ""colsample_bylevel"": 0.8, ""reg_alpha"": 2.1588859396747595, ""reg_lambda"": 0.0005504691011738122, ""gamma"": 0.02401481613521358, ""max_bin"": 256, ""tree_method"": ""hist"", ""random_state"": 42, ""n_jobs"": -1, ""verbosity"": 0, ""early_stopping_rounds"": 50, ""eval_metric"": ""auc"", ""objective"": ""binary:logistic""}"
xgb,gender,224,0.867741,181.20,"{""n_estimators"": 600, ""learning_rate"": 0.006469573001713988, ""max_depth"": 10, ""min_child_weight"": 5.886741845563097, ""subsample"": 1.0, ""colsample_bytree"": 0.5, ""colsample_bylevel"": 0.8, ""reg_alpha"": 0.018047919077685912, ""reg_lambda"": 0.5172590520389073, ""gamma"": 0.06485013547958743, ""max_bin"": 256, ""tree_method"": ""hist"", ""random_state"": 42, ""n_jobs"": -1, ""verbosity"": 0, ""early_stopping_rounds"": 50, ""eval_metric"": ""auc"", ""objective"": ""binary:logistic""}"
xgb,gender,225,0.872048,309.17,"{""n_estimators"": 2400, ""learning_rate"": 0.013999706696764804, ""max_depth"": 12, ""min_child_weight"": 1.1930455070909074, ""subsample"": 0.5, ""colsample_bytree"": 0.6, ""colsample_bylevel"": 0.6, ""reg_alpha"": 0.02683895024540554, ""reg_lambda"": 1.3271451260728726, ""gamma"": 0.5822184881180283, ""max_bin"": 512, ""tree_method"": ""hist"", ""random_state"": 42, ""n_jobs"": -1, ""verbosity"": 0, ""early_stopping_rounds"": 50, ""eval_metric"": ""auc"", ""objective"": ""binary:logistic""}"
xgb,gender,226,0.848084,107.10,"{""n_estimators"": 2400, ""learning_rate"": 0.009913835872698631, ""max_depth"": 3, ""min_child_weight"": 2.883465140587615, ""subsample"": 1.0, ""colsample_bytree"": 0.9, ""colsample_bylevel"": 1.0, ""reg_alpha"": 0.035332476436274116, ""reg_lambda"": 0.001183475451050587, ""gamma"": 0.00021569050037428827, ""max_bin"": 128, ""tree_method"": ""hist"", ""random_state"": 42, ""n_jobs"": -1, ""verbosity"": 0, ""early_stopping_rounds"": 50, ""eval_metric"": ""auc"", ""objective"": ""binary:logistic""}"
xgb,gender,227,0.864544,309.73,"{""n_estimators"": 2400, ""learning_rate"": 0.007760372268548403, ""max_depth"": 5, ""min_child_weight"": 3.253669137322004, ""subsample"": 0.5, ""colsample_bytree"": 0.9, ""colsample_bylevel"": 1.0, ""reg_alpha"": 0.007411164249447688, ""reg_lambda"": 0.00017192311591927034, ""gamma"": 0.012910933983186062, ""max_bin"": 512, ""tree_method"": ""hist"", ""random_state"": 42, ""n_jobs"": -1, ""verbosity"": 0, ""early_stopping_rounds"": 50, ""eval_metric"": ""auc"", ""objective"": ""binary:logistic""}"
xgb,gender,228,0.868975,68.41,"{""n_estimators"": 2400, ""learning_rate"": 0.022811927598790537, ""max_depth"": 7, ""min_child_weight"": 3.727335561757412, ""subsample"": 0.6, ""colsample_bytree"": 0.4, ""colsample_bylevel"": 0.8, ""reg_alpha"": 0.32410181126458815, ""reg_lambda"": 2.674533316998963, ""gamma"": 0.052464533549238204, ""max_bin"": 128, ""tree_method"": ""hist"", ""random_state"": 42, ""n_jobs"": -1, ""verbosity"": 0, ""early_stopping_rounds"": 50, ""eval_metric"": ""auc"", ""objective"": ""binary:logistic""}"
xgb,gender,229,0.826660,105.79,"{""n_estimators"": 800, ""learning_rate"": 0.004343212558249652, ""max_depth"": 5, ""min_child_weight"": 2.688718677539026, ""subsample"": 1.0, ""colsample_bytree"": 0.5, ""colsample_bylevel"": 0.6, ""reg_alpha"": 0.07554326440287165, ""reg_lambda"": 0.00010386361706910017, ""gamma"": 0.0011495617426355042, ""max_bin"": 512, ""tree_method"": ""hist"", ""random_state"": 42, ""n_jobs"": -1, ""verbosity"": 0, ""early_stopping_rounds"": 50, ""eval_metric"": ""auc"", ""objective"": ""binary:logistic""}"
xgb,gender,230,0.872249,75.35,"{""n_estimators"": 400, ""learning_rate"": 0.04116413459645229, ""max_depth"": 7, ""min_child_weight"": 0.9075927756472064, ""subsample"": 0.7, ""colsample_bytree"": 0.7, ""colsample_bylevel"": 0.6, ""reg_alpha"": 0.43733735360865417, ""reg_lambda"": 0.029288827475080492, ""gamma"": 0.00013121320306370537, ""max_bin"": 256, ""tree_method"": ""hist"", ""random_state"": 42, ""n_jobs"": -1, ""verbosity"": 0, ""early_stopping_rounds"": 50, ""eval_metric"": ""auc"", ""objective"": ""binary:logistic""}"
xgb,gender,231,0.867161,82.70,"{""n_estimators"": 1600, ""learning_rate"": 0.06222859232027323, ""max_depth"": 8, ""min_child_weight"": 13.36774037234486, ""subsample"": 0.9, ""colsample_bytree"": 0.8, ""colsample_bylevel"": 1.0, ""reg_alpha"": 0.0001317313206301405, ""reg_lambda"": 0.0012437474984455107, ""gamma"": 0.0865965912053892, ""max_bin"": 512, ""tree_method"": ""hist"", ""random_state"": 42, ""n_jobs"": -1, ""verbosity"": 0, ""early_stopping_rounds"": 50, ""eval_metric"": ""auc"", ""objective"": ""binary:logistic""}"
xgb,gender,232,0.870807,85.52,"{""n_estimators"": 2400, ""learning_rate"": 0.02895445361023062, ""max_depth"": 8, ""min_child_weight"": 3.3909592311748633, ""subsample"": 0.5, ""colsample_bytree"": 0.5, ""colsample_bylevel"": 0.8, ""reg_alpha"": 2.0435628072559915, ""reg_lambda"": 1.0299442796453284, ""gamma"": 0.008600307213239233, ""max_bin"": 128, ""tree_method"": ""hist"", ""random_state"": 42, ""n_jobs"": -1, ""verbosity"": 0, ""early_stopping_rounds"": 50, ""eval_metric"": ""auc"", ""objective"": ""binary:logistic""}"
xgb,gender,233,0.872422,178.38,"{""n_estimators"": 1200, ""learning_rate"": 0.008626239312384019, ""max_depth"": 8, ""min_child_weight"": 2.7308773005891314, ""subsample"": 0.9, ""colsample_bytree"": 0.9, ""colsample_bylevel"": 1.0, ""reg_alpha"": 0.04241992296264242, ""reg_lambda"": 0.00039440976620272564, ""gamma"": 0.0295810799092355, ""max_bin"": 128, ""tree_method"": ""hist"", ""random_state"": 42, ""n_jobs"": -1, ""verbosity"": 0, ""early_stopping_rounds"": 50, ""eval_metric"": ""auc"", ""objective"": ""binary:logistic""}"
xgb,gender,234,0.852767,136.34,"{""n_estimators"": 1200, ""learning_rate"": 0.006095773923532219, ""max_depth"": 10, ""min_child_weight"": 23.357723759465824, ""subsample"": 0.8, ""colsample_bytree"": 1.0, ""colsample_bylevel"": 1.0, ""reg_alpha"": 4.779582834466306, ""reg_lambda"": 0.10492474245248848, ""gamma"": 0.08054041302211987, ""max_bin"": 128, ""tree_method"": ""hist"", ""random_state"": 42, ""n_jobs"": -1, ""verbosity"": 0, ""early_stopping_rounds"": 50, ""eval_metric"": ""auc"", ""objective"": ""binary:logistic""}"
xgb,gender,235,0.856041,99.39,"{""n_estimators"": 1600, ""learning_rate"": 0.016731489717688005, ""max_depth"": 4, ""min_child_weight"": 10.466138974397312, ""subsample"": 0.5, ""colsample_bytree"": 0.5, ""colsample_bylevel"": 0.6, ""reg_alpha"": 0.0001370922550221673, ""reg_lambda"": 0.18363384685838222, ""gamma"": 0.13783909471813552, ""max_bin"": 256, ""tree_method"": ""hist"", ""random_state"": 42, ""n_jobs"": -1, ""verbosity"": 0, ""early_stopping_rounds"": 50, ""eval_metric"": ""auc"", ""objective"": ""binary:logistic""}"
xgb,gender,236,0.868187,121.88,"{""n_estimators"": 2400, ""learning_rate"": 0.011984705556045614, ""max_depth"": 5, ""min_child_weight"": 0.8050723498990913, ""subsample"": 0.9, ""colsample_bytree"": 1.0, ""colsample_bylevel"": 1.0, ""reg_alpha"": 0.007680939031479986, ""reg_lambda"": 0.009339634604536452, ""gamma"": 0.00019568726620164116, ""max_bin"": 128, ""tree_method"": ""hist"", ""random_state"": 42, ""n_jobs"": -1, ""verbosity"": 0, ""early_stopping_rounds"": 50, ""eval_metric"": ""auc"", ""objective"": ""binary:logistic""}"
xgb,gender,237,0.850895,122.50,"{""n_estimators"": 1200, ""learning_rate"": 0.010580335507265707, ""max_depth"": 4, ""min_child_weight"": 17.61305696273929, ""subsample"": 0.8, ""colsample_bytree"": 0.7, ""colsample_bylevel"": 1.0, ""reg_alpha"": 0.013906781638821883, ""reg_lambda"": 0.1868027502410182, ""gamma"": 0.003790083697655562, ""max_bin"": 256, ""tree_method"": ""hist"", ""random_state"": 42, ""n_jobs"": -1, ""verbosity"": 0, ""early_stopping_rounds"": 50, ""eval_metric"": ""auc"", ""objective"": ""binary:logistic""}"
xgb,gender,238,0.817722,42.31,"{""n_estimators"": 400, ""learning_rate"": 0.0072583927973469435, ""max_depth"": 3, ""min_child_weight"": 21.72917413448185, ""subsample"": 0.7, ""colsample_bytree"": 0.8, ""colsample_bylevel"": 0.6, ""reg_alpha"": 0.002110829719490874, ""reg_lambda"": 0.0005264676060341177, ""gamma"": 0.0003689888142195112, ""max_bin"": 512, ""tree_method"": ""hist"", ""random_state"": 42, ""n_jobs"": -1, ""verbosity"": 0, ""early_stopping_rounds"": 50, ""eval_metric"": ""auc"", ""objective"": ""binary:logistic""}"
xgb,gender,239,0.861106,299.31,"{""n_estimators"": 3500, ""learning_rate"": 0.005946449319907394, ""max_depth"": 4, ""min_child_weight"": 2.0763294622307185, ""subsample"": 0.7, ""colsample_bytree"": 0.9, ""colsample_bylevel"": 1.0, ""reg_alpha"": 0.8124898695398102, ""reg_lambda"": 0.018564877783403665, ""gamma"": 0.40574598099440795, ""max_bin"": 256, ""tree_method"": ""hist"", ""random_state"": 42, ""n_jobs"": -1, ""verbosity"": 0, ""early_stopping_rounds"": 50, ""eval_metric"": ""auc"", ""objective"": ""binary:logistic""}"
xgb,gender,240,0.865574,151.46,"{""n_estimators"": 1200, ""learning_rate"": 0.016589901222931566, ""max_depth"": 7, ""min_child_weight"": 14.126614211720819, ""subsample"": 0.7, ""colsample_bytree"": 1.0, ""colsample_bylevel"": 0.6, ""reg_alpha"": 2.359173929525822, ""reg_lambda"": 1.0965853095693054, ""gamma"": 0.0001694043632457703, ""max_bin"": 256, ""tree_method"": ""hist"", ""random_state"": 42, ""n_jobs"": -1, ""verbosity"": 0, ""early_stopping_rounds"": 50, ""eval_metric"": ""auc"", ""objective"": ""binary:logistic""}"
xgb,gender,241,0.857020,177.49,"{""n_estimators"": 2400, ""learning_rate"": 0.013608870303396563, ""max_depth"": 5, ""min_child_weight"": 15.114415555071492, ""subsample"": 0.5, ""colsample_bytree"": 0.4, ""colsample_bylevel"": 0.6, ""reg_alpha"": 0.7885725705560286, ""reg_lambda"": 0.026862204625359234, ""gamma"": 0.792451778938635, ""max_bin"": 512, ""tree_method"": ""hist"", ""random_state"": 42, ""n_jobs"": -1, ""verbosity"": 0, ""early_stopping_rounds"": 50, ""eval_metric"": ""auc"", ""objective"": ""binary:logistic""}"
xgb,gender,242,0.868976,79.55,"{""n_estimators"": 2400, ""learning_rate"": 0.025454223131488655, ""max_depth"": 6, ""min_child_weight"": 5.8114220510605366, ""subsample"": 0.8, ""colsample_bytree"": 0.5, ""colsample_bylevel"": 0.8, ""reg_alpha"": 0.7459233739029706, ""reg_lambda"": 6.914076033373205, ""gamma"": 0.00033035784688812954, ""max_bin"": 128, ""tree_method"": ""hist"", ""random_state"": 42, ""n_jobs"": -1, ""verbosity"": 0, ""early_stopping_rounds"": 50, ""eval_metric"": ""auc"", ""objective"": ""binary:logistic""}"
xgb,gender,243,0.849482,68.50,"{""n_estimators"": 1200, ""learning_rate"": 0.008881952139398424, ""max_depth"": 4, ""min_child_weight"": 14.414419755952217, ""subsample"": 0.8, ""colsample_bytree"": 0.6, ""colsample_bylevel"": 0.6, ""reg_alpha"": 1.5058195114270445, ""reg_lambda"": 0.060560584320511784, ""gamma"": 0.0005625416680959764, ""max_bin"": 128, ""tree_method"": ""hist"", ""random_state"": 42, ""n_jobs"": -1, ""verbosity"": 0, ""early_stopping_rounds"": 50, ""eval_metric"": ""auc"", ""objective"": ""binary:logistic""}"
xgb,gender,244,0.847877,453.69,"{""n_estimators"": 1600, ""learning_rate"": 0.0030497454001173004, ""max_depth"": 8, ""min_child_weight"": 0.5920746479523324, ""subsample"": 0.5, ""colsample_bytree"": 0.4, ""colsample_bylevel"": 0.8, ""reg_alpha"": 0.00012132496799444612, ""reg_lambda"": 0.06796706918134174, ""gamma"": 0.0005785490165806778, ""max_bin"": 512, ""tree_method"": ""hist"", ""random_state"": 42, ""n_jobs"": -1, ""verbosity"": 0, ""early_stopping_rounds"": 50, ""eval_metric"": ""auc"", ""objective"": ""binary:logistic""}"
xgb,gender,245,0.857930,58.30,"{""n_estimators"": 1200, ""learning_rate"": 0.04244640213265544, ""max_depth"": 4, ""min_child_weight"": 1.5405919518293971, ""subsample"": 1.0, ""colsample_bytree"": 0.6, ""colsample_bylevel"": 0.8, ""reg_alpha"": 0.07227076651189596, ""reg_lambda"": 0.03366622920551342, ""gamma"": 0.0005781673136582198, ""max_bin"": 512, ""tree_method"": ""hist"", ""random_state"": 42, ""n_jobs"": -1, ""verbosity"": 0, ""early_stopping_rounds"": 50, ""eval_metric"": ""auc"", ""objective"": ""binary:logistic""}"
xgb,gender,246,0.849703,23.81,"{""n_estimators"": 1600, ""learning_rate"": 0.061949678851777566, ""max_depth"": 3, ""min_child_weight"": 2.3055118796556573, ""subsample"": 0.5, ""colsample_bytree"": 0.6, ""colsample_bylevel"": 1.0, ""reg_alpha"": 0.018432559979006922, ""reg_lambda"": 0.3608882122171178, ""gamma"": 0.000131244963756844, ""max_bin"": 128, ""tree_method"": ""hist"", ""random_state"": 42, ""n_jobs"": -1, ""verbosity"": 0, ""early_stopping_rounds"": 50, ""eval_metric"": ""auc"", ""objective"": ""binary:logistic""}"
xgb,gender,247,0.855382,65.69,"{""n_estimators"": 600, ""learning_rate"": 0.022095734675318803, ""max_depth"": 4, ""min_child_weight"": 0.5765735008119672, ""subsample"": 1.0, ""colsample_bytree"": 0.6, ""colsample_bylevel"": 0.8, ""reg_alpha"": 0.508746583647946, ""reg_lambda"": 0.3331003397353827, ""gamma"": 0.31995446333375754, ""max_bin"": 512, ""tree_method"": ""hist"", ""random_state"": 42, ""n_jobs"": -1, ""verbosity"": 0, ""early_stopping_rounds"": 50, ""eval_metric"": ""auc"", ""objective"": ""binary:logistic""}"
xgb,gender,248,0.860403,99.32,"{""n_estimators"": 1600, ""learning_rate"": 0.04048132533494891, ""max_depth"": 8, ""min_child_weight"": 22.50407777304549, ""subsample"": 0.5, ""colsample_bytree"": 1.0, ""colsample_bylevel"": 1.0, ""reg_alpha"": 0.00015735353867399045, ""reg_lambda"": 0.022679449531050503, ""gamma"": 0.0001571886658360669, ""max_bin"": 512, ""tree_method"": ""hist"", ""random_state"": 42, ""n_jobs"": -1, ""verbosity"": 0, ""early_stopping_rounds"": 50, ""eval_metric"": ""auc"", ""objective"": ""binary:logistic""}"
xgb,gender,249,0.852782,67.51,"{""n_estimators"": 2400, ""learning_rate"": 0.02259387918933316, ""max_depth"": 3, ""min_child_weight"": 4.746955229030987, ""subsample"": 0.9, ""colsample_bytree"": 0.9, ""colsample_bylevel"": 1.0, ""reg_alpha"": 0.0005130841808837882, ""reg_lambda"": 3.1283253220528047, ""gamma"": 0.0021036332717644006, ""max_bin"": 256, ""tree_method"": ""hist"", ""random_state"": 42, ""n_jobs"": -1, ""verbosity"": 0, ""early_stopping_rounds"": 50, ""eval_metric"": ""auc"", ""objective"": ""binary:logistic""}"
xgb,gender,250,0.873415,104.50,"{""n_estimators"": 600, ""learning_rate"": 0.025972434631853458, ""max_depth"": 12, ""min_child_weight"": 0.8877681919467887, ""subsample"": 0.7, ""colsample_bytree"": 0.6, ""colsample_bylevel"": 0.8, ""reg_alpha"": 0.577242969025487, ""reg_lambda"": 4.633202585771281, ""gamma"": 0.0001959099193220612, ""max_bin"": 128, ""tree_method"": ""hist"", ""random_state"": 42, ""n_jobs"": -1, ""verbosity"": 0, ""early_stopping_rounds"": 50, ""eval_metric"": ""auc"", ""objective"": ""binary:logistic""}"
cat,gender,1,0.865595,152.74,"{""iterations"": 3500, ""learning_rate"": 0.07853004434662682, ""depth"": 7, ""l2_leaf_reg"": 2.685575832464531, ""border_count"": 128, ""bagging_temperature"": 0.6910205893192206, ""rsm"": 0.7, ""random_strength"": 5.002838881680581, ""leaf_estimation_iterations"": 10, ""od_type"": ""Iter"", ""od_wait"": 50, ""random_seed"": 42, ""thread_count"": -1, ""verbose"": false, ""allow_writing_files"": false, ""loss_function"": ""Logloss"", ""eval_metric"": ""AUC""}"
cat,gender,2,0.873819,842.55,"{""iterations"": 800, ""learning_rate"": 0.01999142397666009, ""depth"": 10, ""l2_leaf_reg"": 0.33540392657863904, ""border_count"": 128, ""bagging_temperature"": 0.760931566336885, ""rsm"": 0.8, ""random_strength"": 1.1781222389476784, ""leaf_estimation_iterations"": 10, ""od_type"": ""Iter"", ""od_wait"": 50, ""random_seed"": 42, ""thread_count"": -1, ""verbose"": false, ""allow_writing_files"": false, ""loss_function"": ""Logloss"", ""eval_metric"": ""AUC""}"
cat,gender,3,0.852678,168.31,"{""iterations"": 2400, ""learning_rate"": 0.013500423257795527, ""depth"": 4, ""l2_leaf_reg"": 2.676157819766975, ""border_count"": 254, ""bagging_temperature"": 0.7162324770157567, ""rsm"": 0.5, ""random_strength"": 1.391933037050521, ""leaf_estimation_iterations"": 10, ""od_type"": ""Iter"", ""od_wait"": 50, ""random_seed"": 42, ""thread_count"": -1, ""verbose"": false, ""allow_writing_files"": false, ""loss_function"": ""Logloss"", ""eval_metric"": ""AUC""}"
cat,gender,4,0.871545,800.65,"{""iterations"": 400, ""learning_rate"": 0.09423050973253624, ""depth"": 10, ""l2_leaf_reg"": 3.8867768740181767, ""border_count"": 128, ""bagging_temperature"": 0.8182253346330634, ""rsm"": 0.8, ""random_strength"": 0.4396781142057295, ""leaf_estimation_iterations"": 10, ""od_type"": ""Iter"", ""od_wait"": 50, ""random_seed"": 42, ""thread_count"": -1, ""verbose"": false, ""allow_writing_files"": false, ""loss_function"": ""Logloss"", ""eval_metric"": ""AUC""}"
cat,gender,5,0.855522,48.87,"{""iterations"": 400, ""learning_rate"": 0.04669106406025128, ""depth"": 6, ""l2_leaf_reg"": 1.0376473308337983, ""border_count"": 64, ""bagging_temperature"": 0.5846905959089457, ""rsm"": 1.0, ""random_strength"": 4.186102910122291, ""leaf_estimation_iterations"": 10, ""od_type"": ""Iter"", ""od_wait"": 50, ""random_seed"": 42, ""thread_count"": -1, ""verbose"": false, ""allow_writing_files"": false, ""loss_function"": ""Logloss"", ""eval_metric"": ""AUC""}"
cat,gender,6,0.828694,119.26,"{""iterations"": 800, ""learning_rate"": 0.007399631692529366, ""depth"": 5, ""l2_leaf_reg"": 4.328637663648434, ""border_count"": 128, ""bagging_temperature"": 0.37718933558459056, ""rsm"": 0.9, ""random_strength"": 0.8227411082326346, ""leaf_estimation_iterations"": 5, ""od_type"": ""Iter"", ""od_wait"": 50, ""random_seed"": 42, ""thread_count"": -1, ""verbose"": false, ""allow_writing_files"": false, ""loss_function"": ""Logloss"", ""eval_metric"": ""AUC""}"
cat,gender,7,0.841383,221.44,"{""iterations"": 400, ""learning_rate"": 0.007985422320498967, ""depth"": 8, ""l2_leaf_reg"": 10.033566734663816, ""border_count"": 128, ""bagging_temperature"": 0.5515950290389097, ""rsm"": 0.6, ""random_strength"": 0.11094588681541, ""leaf_estimation_iterations"": 5, ""od_type"": ""Iter"", ""od_wait"": 50, ""random_seed"": 42, ""thread_count"": -1, ""verbose"": false, ""allow_writing_files"": false, ""loss_function"": ""Logloss"", ""eval_metric"": ""AUC""}"
cat,gender,8,0.873252,1676.01,"{""iterations"": 600, ""learning_rate"": 0.026998250906646835, ""depth"": 10, ""l2_leaf_reg"": 4.232786448670666, ""border_count"": 254, ""bagging_temperature"": 0.29083277385575834, ""rsm"": 0.5, ""random_strength"": 0.8285590435281306, ""leaf_estimation_iterations"": 5, ""od_type"": ""Iter"", ""od_wait"": 50, ""random_seed"": 42, ""thread_count"": -1, ""verbose"": false, ""allow_writing_files"": false, ""loss_function"": ""Logloss"", ""eval_metric"": ""AUC""}"
cat,gender,9,0.867269,120.36,"{""iterations"": 2400, ""learning_rate"": 0.08079347591434302, ""depth"": 6, ""l2_leaf_reg"": 2.3739079083242345, ""border_count"": 128, ""bagging_temperature"": 0.16213953460846497, ""rsm"": 0.6, ""random_strength"": 0.546426163593646, ""leaf_estimation_iterations"": 5, ""od_type"": ""Iter"", ""od_wait"": 50, ""random_seed"": 42, ""thread_count"": -1, ""verbose"": false, ""allow_writing_files"": false, ""loss_function"": ""Logloss"", ""eval_metric"": ""AUC""}"
cat,gender,10,0.850697,410.01,"{""iterations"": 800, ""learning_rate"": 0.013472192833211338, ""depth"": 7, ""l2_leaf_reg"": 1.1733948370223917, ""border_count"": 254, ""bagging_temperature"": 0.9654235239551444, ""rsm"": 0.5, ""random_strength"": 7.183770477466107, ""leaf_estimation_iterations"": 10, ""od_type"": ""Iter"", ""od_wait"": 50, ""random_seed"": 42, ""thread_count"": -1, ""verbose"": false, ""allow_writing_files"": false, ""loss_function"": ""Logloss"", ""eval_metric"": ""AUC""}"
cat,gender,11,0.803678,755.86,"{""iterations"": 1200, ""learning_rate"": 0.005714068402913562, ""depth"": 8, ""l2_leaf_reg"": 25.768863966533363, ""border_count"": 254, ""bagging_temperature"": 0.8774203986351378, ""rsm"": 0.6, ""random_strength"": 4.836947268787518, ""leaf_estimation_iterations"": 5, ""od_type"": ""Iter"", ""od_wait"": 50, ""random_seed"": 42, ""thread_count"": -1, ""verbose"": false, ""allow_writing_files"": false, ""loss_function"": ""Logloss"", ""eval_metric"": ""AUC""}"
cat,gender,12,0.871367,1054.50,"{""iterations"": 1600, ""learning_rate"": 0.08689558519242635, ""depth"": 9, ""l2_leaf_reg"": 0.9855706082678616, ""border_count"": 254, ""bagging_temperature"": 0.879626374259073, ""rsm"": 1.0, ""random_strength"": 3.269330015277227, ""leaf_estimation_iterations"": 10, ""od_type"": ""Iter"", ""od_wait"": 50, ""random_seed"": 42, ""thread_count"": -1, ""verbose"": false, ""allow_writing_files"": false, ""loss_function"": ""Logloss"", ""eval_metric"": ""AUC""}"
cat,gender,13,0.866903,283.60,"{""iterations"": 400, ""learning_rate"": 0.019212874322569636, ""depth"": 10, ""l2_leaf_reg"": 0.7133571807951802, ""border_count"": 64, ""bagging_temperature"": 0.806815486200078, ""rsm"": 0.5, ""random_strength"": 8.798127300905731, ""leaf_estimation_iterations"": 5, ""od_type"": ""Iter"", ""od_wait"": 50, ""random_seed"": 42, ""thread_count"": -1, ""verbose"": false, ""allow_writing_files"": false, ""loss_function"": ""Logloss"", ""eval_metric"": ""AUC""}"
cat,gender,14,0.867326,94.33,"{""iterations"": 3500, ""learning_rate"": 0.05261603500249394, ""depth"": 7, ""l2_leaf_reg"": 0.5063905928555379, ""border_count"": 64, ""bagging_temperature"": 0.9847599035053958, ""rsm"": 1.0, ""random_strength"": 0.12491798314983214, ""leaf_estimation_iterations"": 10, ""od_type"": ""Iter"", ""od_wait"": 50, ""random_seed"": 42, ""thread_count"": -1, ""verbose"": false, ""allow_writing_files"": false, ""loss_function"": ""Logloss"", ""eval_metric"": ""AUC""}"
cat,gender,15,0.850373,257.29,"{""iterations"": 600, ""learning_rate"": 0.013325778966168258, ""depth"": 7, ""l2_leaf_reg"": 18.326813669760483, ""border_count"": 254, ""bagging_temperature"": 0.9461531174416696, ""rsm"": 0.5, ""random_strength"": 0.15668647573524666, ""leaf_estimation_iterations"": 10, ""od_type"": ""Iter"", ""od_wait"": 50, ""random_seed"": 42, ""thread_count"": -1, ""verbose"": false, ""allow_writing_files"": false, ""loss_function"": ""Logloss"", ""eval_metric"": ""AUC""}"
cat,gender,16,0.802936,270.54,"{""iterations"": 1600, ""learning_rate"": 0.007559695071923916, ""depth"": 7, ""l2_leaf_reg"": 12.231193907718845, ""border_count"": 128, ""bagging_temperature"": 0.36718721012948585, ""rsm"": 0.9, ""random_strength"": 9.758577651776045, ""leaf_estimation_iterations"": 5, ""od_type"": ""Iter"", ""od_wait"": 50, ""random_seed"": 42, ""thread_count"": -1, ""verbose"": false, ""allow_writing_files"": false, ""loss_function"": ""Logloss"", ""eval_metric"": ""AUC""}"
cat,gender,17,0.868619,255.90,"{""iterations"": 400, ""learning_rate"": 0.05613303306713077, ""depth"": 8, ""l2_leaf_reg"": 3.05230900654746, ""border_count"": 128, ""bagging_temperature"": 0.06390956560195815, ""rsm"": 0.9, ""random_strength"": 2.239126544394155, ""leaf_estimation_iterations"": 10, ""od_type"": ""Iter"", ""od_wait"": 50, ""random_seed"": 42, ""thread_count"": -1, ""verbose"": false, ""allow_writing_files"": false, ""loss_function"": ""Logloss"", ""eval_metric"": ""AUC""}"
cat,gender,18,0.871755,129.52,"{""iterations"": 1200, ""learning_rate"": 0.07513646616790383, ""depth"": 7, ""l2_leaf_reg"": 12.1279931200597, ""border_count"": 64, ""bagging_temperature"": 0.0462287832934023, ""rsm"": 0.6, ""random_strength"": 0.38039033814778256, ""leaf_estimation_iterations"": 10, ""od_type"": ""Iter"", ""od_wait"": 50, ""random_seed"": 42, ""thread_count"": -1, ""verbose"": false, ""allow_writing_files"": false, ""loss_function"": ""Logloss"", ""eval_metric"": ""AUC""}"
cat,gender,19,0.862897,55.18,"{""iterations"": 600, ""learning_rate"": 0.058673573764992576, ""depth"": 6, ""l2_leaf_reg"": 0.9621748506534569, ""border_count"": 64, ""bagging_temperature"": 0.9074858726762954, ""rsm"": 1.0, ""random_strength"": 0.12290646300264507, ""leaf_estimation_iterations"": 1, ""od_type"": ""Iter"", ""od_wait"": 50, ""random_seed"": 42, ""thread_count"": -1, ""verbose"": false, ""allow_writing_files"": false, ""loss_function"": ""Logloss"", ""eval_metric"": ""AUC""}"
cat,gender,20,0.872516,617.35,"{""iterations"": 3500, ""learning_rate"": 0.02181079517426042, ""depth"": 8, ""l2_leaf_reg"": 0.457447987052789, ""border_count"": 128, ""bagging_temperature"": 0.8501476659469345, ""rsm"": 0.9, ""random_strength"": 0.5261028866051846, ""leaf_estimation_iterations"": 5, ""od_type"": ""Iter"", ""od_wait"": 50, ""random_seed"": 42, ""thread_count"": -1, ""verbose"": false, ""allow_writing_files"": false, ""loss_function"": ""Logloss"", ""eval_metric"": ""AUC""}"
cat,gender,21,0.844469,55.70,"{""iterations"": 600, ""learning_rate"": 0.017808438840202234, ""depth"": 5, ""l2_leaf_reg"": 8.107275588323594, ""border_count"": 128, ""bagging_temperature"": 0.9908477545664062, ""rsm"": 0.5, ""random_strength"": 0.14864244874010824, ""leaf_estimation_iterations"": 10, ""od_type"": ""Iter"", ""od_wait"": 50, ""random_seed"": 42, ""thread_count"": -1, ""verbose"": false, ""allow_writing_files"": false, ""loss_function"": ""Logloss"", ""eval_metric"": ""AUC""}"
cat,gender,22,0.845934,434.96,"{""iterations"": 400, ""learning_rate"": 0.005521145720099369, ""depth"": 9, ""l2_leaf_reg"": 0.6202770120293338, ""border_count"": 128, ""bagging_temperature"": 0.3100708281621576, ""rsm"": 1.0, ""random_strength"": 4.700618833894411, ""leaf_estimation_iterations"": 5, ""od_type"": ""Iter"", ""od_wait"": 50, ""random_seed"": 42, ""thread_count"": -1, ""verbose"": false, ""allow_writing_files"": false, ""loss_function"": ""Logloss"", ""eval_metric"": ""AUC""}"
cat,gender,23,0.844758,80.66,"{""iterations"": 400, ""learning_rate"": 0.037078495660911454, ""depth"": 6, ""l2_leaf_reg"": 1.2964843255333218, ""border_count"": 128, ""bagging_temperature"": 0.6858698313486077, ""rsm"": 0.9, ""random_strength"": 7.564656820026389, ""leaf_estimation_iterations"": 1, ""od_type"": ""Iter"", ""od_wait"": 50, ""random_seed"": 42, ""thread_count"": -1, ""verbose"": false, ""allow_writing_files"": false, ""loss_function"": ""Logloss"", ""eval_metric"": ""AUC""}"
cat,gender,24,0.866801,336.03,"{""iterations"": 2400, ""learning_rate"": 0.08200609879822555, ""depth"": 8, ""l2_leaf_reg"": 9.854940624269659, ""border_count"": 64, ""bagging_temperature"": 0.5305863620799645, ""rsm"": 0.6, ""random_strength"": 1.7446320358168281, ""leaf_estimation_iterations"": 1, ""od_type"": ""Iter"", ""od_wait"": 50, ""random_seed"": 42, ""thread_count"": -1, ""verbose"": false, ""allow_writing_files"": false, ""loss_function"": ""Logloss"", ""eval_metric"": ""AUC""}"
cat,gender,25,0.870927,1358.71,"{""iterations"": 1600, ""learning_rate"": 0.022668460294411646, ""depth"": 9, ""l2_leaf_reg"": 0.44221102445032184, ""border_count"": 254, ""bagging_temperature"": 0.8568662941619624, ""rsm"": 0.7, ""random_strength"": 2.376479816249915, ""leaf_estimation_iterations"": 10, ""od_type"": ""Iter"", ""od_wait"": 50, ""random_seed"": 42, ""thread_count"": -1, ""verbose"": false, ""allow_writing_files"": false, ""loss_function"": ""Logloss"", ""eval_metric"": ""AUC""}"
cat,gender,26,0.862323,463.04,"{""iterations"": 2400, ""learning_rate"": 0.007709430929443754, ""depth"": 6, ""l2_leaf_reg"": 1.803124058883191, ""border_count"": 128, ""bagging_temperature"": 0.646798109930528, ""rsm"": 0.7, ""random_strength"": 0.536143889843638, ""leaf_estimation_iterations"": 5, ""od_type"": ""Iter"", ""od_wait"": 50, ""random_seed"": 42, ""thread_count"": -1, ""verbose"": false, ""allow_writing_files"": false, ""loss_function"": ""Logloss"", ""eval_metric"": ""AUC""}"
cat,gender,27,0.866511,266.28,"{""iterations"": 600, ""learning_rate"": 0.029493937248151084, ""depth"": 8, ""l2_leaf_reg"": 0.5579463685488005, ""border_count"": 128, ""bagging_temperature"": 0.24191816763694762, ""rsm"": 0.6, ""random_strength"": 2.4083375473066333, ""leaf_estimation_iterations"": 1, ""od_type"": ""Iter"", ""od_wait"": 50, ""random_seed"": 42, ""thread_count"": -1, ""verbose"": false, ""allow_writing_files"": false, ""loss_function"": ""Logloss"", ""eval_metric"": ""AUC""}"
cat,gender,28,0.858402,91.06,"{""iterations"": 1600, ""learning_rate"": 0.08152613122950429, ""depth"": 5, ""l2_leaf_reg"": 5.417951256341801, ""border_count"": 128, ""bagging_temperature"": 0.18337868130912638, ""rsm"": 0.8, ""random_strength"": 2.719473421676461, ""leaf_estimation_iterations"": 1, ""od_type"": ""Iter"", ""od_wait"": 50, ""random_seed"": 42, ""thread_count"": -1, ""verbose"": false, ""allow_writing_files"": false, ""loss_function"": ""Logloss"", ""eval_metric"": ""AUC""}"
